<?xml version="1.0" encoding="utf-8" standalone="yes"?><rss version="2.0" xmlns:atom="http://www.w3.org/2005/Atom"><channel><title>Purbayan Das | Q-PACERS (DSMC-RG)</title><link>https://sajid.buet.ac.bd/author/purbayan-das/</link><atom:link href="https://sajid.buet.ac.bd/author/purbayan-das/index.xml" rel="self" type="application/rss+xml"/><description>Purbayan Das</description><generator>Hugo Blox Builder (https://hugoblox.com)</generator><language>en-us</language><lastBuildDate>Sun, 01 Dec 2024 00:00:00 +0000</lastBuildDate><image><url>https://sajid.buet.ac.bd/media/icon_hu_f05efc27037f3153.png</url><title>Purbayan Das</title><link>https://sajid.buet.ac.bd/author/purbayan-das/</link></image><item><title>Polarization insensitive electrically reconfigurable meta-lens for the 2 μm wavelength</title><link>https://sajid.buet.ac.bd/publication/j-022/</link><pubDate>Sun, 01 Dec 2024 00:00:00 +0000</pubDate><guid>https://sajid.buet.ac.bd/publication/j-022/</guid><description/></item><item><title>Structurally Tunable Gear-Shaped Plasmonic Sensor</title><link>https://sajid.buet.ac.bd/publication/j-013/</link><pubDate>Wed, 01 Jan 2020 00:00:00 +0000</pubDate><guid>https://sajid.buet.ac.bd/publication/j-013/</guid><description/></item></channel></rss>