<?xml version="1.0" encoding="utf-8" standalone="yes"?><rss version="2.0" xmlns:atom="http://www.w3.org/2005/Atom"><channel><title>Anisotropy; Berry Phase; Diffraction Gratings; Electron Beam Lithography; Phase Shift; Subwavelength Gratings | Q-PACERS (DSMC-RG)</title><link>https://sajid.buet.ac.bd/tags/anisotropy-berry-phase-diffraction-gratings-electron-beam-lithography-phase-shift-subwavelength-gratings/</link><atom:link href="https://sajid.buet.ac.bd/tags/anisotropy-berry-phase-diffraction-gratings-electron-beam-lithography-phase-shift-subwavelength-gratings/index.xml" rel="self" type="application/rss+xml"/><description>Anisotropy; Berry Phase; Diffraction Gratings; Electron Beam Lithography; Phase Shift; Subwavelength Gratings</description><generator>Hugo Blox Builder (https://hugoblox.com)</generator><language>en-us</language><lastBuildDate>Thu, 01 Jan 2015 00:00:00 +0000</lastBuildDate><image><url>https://sajid.buet.ac.bd/media/icon_hu_f05efc27037f3153.png</url><title>Anisotropy; Berry Phase; Diffraction Gratings; Electron Beam Lithography; Phase Shift; Subwavelength Gratings</title><link>https://sajid.buet.ac.bd/tags/anisotropy-berry-phase-diffraction-gratings-electron-beam-lithography-phase-shift-subwavelength-gratings/</link></image><item><title>Color Hologram Generation Using a Pancharatnam-Berry Phase Manipulating Metasurface</title><link>https://sajid.buet.ac.bd/publication/c-013/</link><pubDate>Thu, 01 Jan 2015 00:00:00 +0000</pubDate><guid>https://sajid.buet.ac.bd/publication/c-013/</guid><description/></item></channel></rss>