<?xml version="1.0" encoding="utf-8" standalone="yes"?><rss version="2.0" xmlns:atom="http://www.w3.org/2005/Atom"><channel><title>Blog | Q-PACERS (DSMC-RG)</title><link>https://sajid.buet.ac.bd/outreach/blog/</link><atom:link href="https://sajid.buet.ac.bd/outreach/blog/index.xml" rel="self" type="application/rss+xml"/><description>Blog</description><generator>Hugo Blox Builder (https://hugoblox.com)</generator><language>en-us</language><lastBuildDate>Sun, 07 Jul 2024 00:00:00 +0000</lastBuildDate><image><url>https://sajid.buet.ac.bd/media/icon_hu_f05efc27037f3153.png</url><title>Blog</title><link>https://sajid.buet.ac.bd/outreach/blog/</link></image><item><title>Paper Revision in Overleaf</title><link>https://sajid.buet.ac.bd/outreach/blog/20240711-paperrevisionoverleaf/</link><pubDate>Sun, 07 Jul 2024 00:00:00 +0000</pubDate><guid>https://sajid.buet.ac.bd/outreach/blog/20240711-paperrevisionoverleaf/</guid><description>&lt;p>With microsoft word, it is extremely easy to turn on review mode and add comments, strike out letters and add text, and it is automatically colored. With LaTeX, it is somewhat difficult. My students use two different Overleaf files, one having the edits marked in red and strikeout, and one fresh archive. Doing the same work twice is a hassle, so here I describe a method of LaTeX editing, where you can simply switch between &amp;ldquo;red-lined&amp;rdquo; version that journal wants, and your final production version.&lt;/p>
&lt;h3 id="method">Method&lt;/h3>
&lt;p>In your main.tex file, you need to have these lines&lt;/p>
&lt;div class="highlight">&lt;pre tabindex="0" class="chroma">&lt;code class="language-latex" data-lang="latex">&lt;span class="line">&lt;span class="cl">&lt;span class="k">\definecolor&lt;/span>&lt;span class="nb">{&lt;/span>omittext&lt;span class="nb">}{&lt;/span>RGB&lt;span class="nb">}{&lt;/span>255,0,0&lt;span class="nb">}&lt;/span> &lt;span class="c">%R1: for red version
&lt;/span>&lt;/span>&lt;/span>&lt;span class="line">&lt;span class="cl">&lt;span class="c">%\definecolor{omittext}{RGB}{0,0,0} %B1: for black version
&lt;/span>&lt;/span>&lt;/span>&lt;span class="line">&lt;span class="cl">&lt;span class="c">&lt;/span>
&lt;/span>&lt;/span>&lt;span class="line">&lt;span class="cl">&lt;span class="k">\newcommand&lt;/span>&lt;span class="nb">{&lt;/span>&lt;span class="k">\strikeout&lt;/span>&lt;span class="nb">}&lt;/span>[1]&lt;span class="nb">{&lt;/span>&lt;span class="k">\textcolor&lt;/span>&lt;span class="nb">{&lt;/span>omittext&lt;span class="nb">}{&lt;/span>&lt;span class="k">\sout&lt;/span>&lt;span class="nb">{&lt;/span>#1&lt;span class="nb">}}&lt;/span>&lt;span class="k">\xspace&lt;/span>&lt;span class="nb">}&lt;/span> &lt;span class="c">%R2
&lt;/span>&lt;/span>&lt;/span>&lt;span class="line">&lt;span class="cl">&lt;span class="c">%\newcommand{\strikeout}[1]{\unskip\ignorespaces} %B2
&lt;/span>&lt;/span>&lt;/span>&lt;span class="line">&lt;span class="cl">&lt;span class="c">&lt;/span>&lt;span class="k">\newcommand&lt;/span>&lt;span class="nb">{&lt;/span>&lt;span class="k">\newtext&lt;/span>&lt;span class="nb">}&lt;/span>[1]&lt;span class="nb">{&lt;/span>&lt;span class="k">\textcolor&lt;/span>&lt;span class="nb">{&lt;/span>omittext&lt;span class="nb">}{&lt;/span>#1&lt;span class="nb">}}&lt;/span> &lt;span class="c">%R3
&lt;/span>&lt;/span>&lt;/span>&lt;/code>&lt;/pre>&lt;/div>&lt;p>During editing latex, if you want to include a new line or word, simple use the command &lt;code>\newtext{}&lt;/code>. For omiting words, include them inside the &lt;code>\strikeout{}&lt;/code> command For example:&lt;/p>
&lt;div class="highlight">&lt;pre tabindex="0" class="chroma">&lt;code class="language-latex" data-lang="latex">&lt;span class="line">&lt;span class="cl">Nature, through billions of years of evolution, has often provided unique but elegant designs and structures that have &lt;span class="k">\strikeout&lt;/span>&lt;span class="nb">{&lt;/span>inspired&lt;span class="nb">}&lt;/span> &lt;span class="k">\newtext&lt;/span>&lt;span class="nb">{&lt;/span>aided&lt;span class="nb">}&lt;/span> researchers and engineers to invent new technologies to enhance the capabilities of existing ones.
&lt;/span>&lt;/span>&lt;/code>&lt;/pre>&lt;/div>&lt;p>Just do all revisions in your manuscript as before.&lt;/p>
&lt;p>For creating the red lined verson, comment the B1, B2 line, and uncomment R1, R2, R3. (Shown above).
This would render the text like this:&lt;/p>
&lt;p>Nature, through billions of years of evolution, has often provided unique but elegant designs and structures that have &lt;span style="color:red">&lt;del>inspired&lt;/del> aided&lt;/span> researchers and engineers to invent new technologies to enhance the capabilities of existing ones.&lt;/p>
&lt;p>For creating final PDF, uncomment the B1, B2 line, and comment R1, R2, R3. (Shown above).&lt;/p>
&lt;div class="highlight">&lt;pre tabindex="0" class="chroma">&lt;code class="language-latex" data-lang="latex">&lt;span class="line">&lt;span class="cl">&lt;span class="c">%\definecolor{omittext}{RGB}{255,0,0} %R1: for red version
&lt;/span>&lt;/span>&lt;/span>&lt;span class="line">&lt;span class="cl">&lt;span class="c">&lt;/span>&lt;span class="k">\definecolor&lt;/span>&lt;span class="nb">{&lt;/span>omittext&lt;span class="nb">}{&lt;/span>RGB&lt;span class="nb">}{&lt;/span>0,0,0&lt;span class="nb">}&lt;/span> &lt;span class="c">%B1: for black version
&lt;/span>&lt;/span>&lt;/span>&lt;span class="line">&lt;span class="cl">&lt;span class="c">&lt;/span>
&lt;/span>&lt;/span>&lt;span class="line">&lt;span class="cl">&lt;span class="c">%\newcommand{\strikeout}[1]{\textcolor{omittext}{\sout{#1}}\xspace} %R2
&lt;/span>&lt;/span>&lt;/span>&lt;span class="line">&lt;span class="cl">&lt;span class="c">&lt;/span>&lt;span class="k">\newcommand&lt;/span>&lt;span class="nb">{&lt;/span>&lt;span class="k">\strikeout&lt;/span>&lt;span class="nb">}&lt;/span>[1]&lt;span class="nb">{&lt;/span>&lt;span class="k">\unskip\ignorespaces&lt;/span>&lt;span class="nb">}&lt;/span> &lt;span class="c">%B2
&lt;/span>&lt;/span>&lt;/span>&lt;span class="line">&lt;span class="cl">&lt;span class="c">%\newcommand{\newtext}[1]{\textcolor{omittext}{#1}} %R3
&lt;/span>&lt;/span>&lt;/span>&lt;/code>&lt;/pre>&lt;/div>&lt;p>N.B. These commands were first used in preparing revision for the paper Mehedi Hasan Himel, Bejoy Sikder, Tanvir Ahmed, &lt;strong>Sajid Muhaimin Choudhury&lt;/strong>, &amp;ldquo;Biomimicry in Nanotechnology: A Comprehensive Review&amp;rdquo;, &lt;a href="https://doi.org/10.1039/D2NA00571A" target="_blank" rel="noopener">NanoScale Advances 5, 595-614, (2023)&lt;/a>&lt;/p></description></item><item><title>Excel Hacks</title><link>https://sajid.buet.ac.bd/outreach/blog/20230707-excelhacks---copy/</link><pubDate>Fri, 07 Jul 2023 00:00:00 +0000</pubDate><guid>https://sajid.buet.ac.bd/outreach/blog/20230707-excelhacks---copy/</guid><description>&lt;p>The more senior one gets, probably more useful Word and Excel becomes. It is helpful to quickly search Google to find a correct answer to a problem, but sometimes the first result points to a StackOverflow thread where someone simply says &amp;ldquo;Why don&amp;rsquo;t you google it?&amp;rdquo;. So, I am posting this blog article to make life easy for me (as well as whoever stumbles onto my website). It would be some helpful macros and functions that I find useful. Some of the functions should also work with Google Sheets without modification.&lt;/p>
&lt;h4 id="bangladeshi-taka-in-lakh-and-crore-in-excel">Bangladeshi Taka in Lakh and Crore in Excel&lt;/h4>
&lt;p>It is super annoying to see number formatted in Millions and Billions, where realistically, Lakh and Crore is more meaningful to Bangladeshi (and probably Indian) people. It is amazing that Microsoft does not have a default numbering format for us. Anyway, to get properly formatted lakh and excel formats, Go to the ribbon Home&amp;gt;Number&amp;gt;More Number Formats&amp;gt;Custom&lt;/p>
&lt;p>Enter any of the following formats as suitable:&lt;/p>
&lt;ul>
&lt;li>Positive Number only with paisa (1,15,000.00):&lt;/li>
&lt;/ul>
&lt;div class="highlight">&lt;pre tabindex="0" class="chroma">&lt;code class="language-fallback" data-lang="fallback">&lt;span class="line">&lt;span class="cl">[&amp;gt;9999999]##\,##\,##\,##0.00;[&amp;gt;99999]##\,##\,##0.00;##,##0.00
&lt;/span>&lt;/span>&lt;/code>&lt;/pre>&lt;/div>&lt;ul>
&lt;li>Positive Number only ignoring paisa (1,15,000):&lt;/li>
&lt;/ul>
&lt;div class="highlight">&lt;pre tabindex="0" class="chroma">&lt;code class="language-fallback" data-lang="fallback">&lt;span class="line">&lt;span class="cl">[&amp;gt;9999999]##\,##\,##\,##0;[&amp;gt;99999]##\,##\,##0;##,##0
&lt;/span>&lt;/span>&lt;/code>&lt;/pre>&lt;/div></description></item><item><title>AI Tools to Make an Academic's Life Easy</title><link>https://sajid.buet.ac.bd/outreach/blog/20230424-ai-tools/</link><pubDate>Mon, 24 Apr 2023 00:00:00 +0000</pubDate><guid>https://sajid.buet.ac.bd/outreach/blog/20230424-ai-tools/</guid><description>&lt;p>2023 is probably the year of Artificial Intelligence. Though AI was working in the background to imrpove search suggestions and images, ChatGPT truly showed us the power of AI and how it can reshape our future. Though the sinister undertone of getting replaced by AI, or the possibility of making human race dumber looms in the horizon, AI is here to stay. Probably library work, critical thinking, research, manuscript writing - everything will be delegated to AI in the future, and academia will drastically shrink. Those who remain in the academia must adapt to use the AI tools of the future. Here is a nice list of AI tools especially for an academic (Courtesy &lt;a href="https://twitter.com/MushtaqBilalPhD" target="_blank" rel="noopener">Dr. Mustaq Bilal&lt;/a>. It is difficult to say how many of the tools will survive once the AI bubble bursts and we start to see more giant AI companies absorbing and acquiring the small ones. I wish more decentralized and stand alone AI apps were available.&lt;/p>
&lt;h3 id="for-writing">For Writing:&lt;/h3>
&lt;h4 id="jenni-ai">&lt;a href="https://jenni.ai/" target="_blank" rel="noopener">Jenni AI&lt;/a>&lt;/h4>
&lt;p>A personal writing assistant that will make sure you never face the writer&amp;rsquo;s block
&lt;a href="https://jenni.ai/" target="_blank" rel="noopener">https://jenni.ai/&lt;/a>&lt;/p>
&lt;h4 id="paperpal">&lt;a href="https://paperpal.com/" target="_blank" rel="noopener">Paperpal&lt;/a>&lt;/h4>
&lt;p>An editor to help you polish your academic writing. Also has an MS Word plugin so you can edit from within MS Word.&lt;/p>
&lt;h3 id="for-reading">For Reading:&lt;/h3>
&lt;h4 id="schoarlcy">&lt;a href="https://www.scholarcy.com/" target="_blank" rel="noopener">Schoarlcy&lt;/a>&lt;/h4>
&lt;p>A persona reading assistant that creates summaries of research papers with unfamiliar terms hyperlinked to Wikipedia entries.
&lt;a href="https://www.scholarcy.com/" target="_blank" rel="noopener">https://www.scholarcy.com/&lt;/a>&lt;/p>
&lt;h4 id="chatpdf">&lt;a href="https://www.chatpdf.com/" target="_blank" rel="noopener">ChatPDF&lt;/a>&lt;/h4>
&lt;p>ChatGPT for research papers. Upload a paper and start asking it questions.
&lt;a href="https://www.chatpdf.com/" target="_blank" rel="noopener">https://www.chatpdf.com/&lt;/a>&lt;/p>
&lt;h4 id="casper">&lt;a href="https://twitter.com/MushtaqBilalPhD/status/1635179074665709568" target="_blank" rel="noopener">Casper&lt;/a>&lt;/h4>
&lt;p>A Chrome extension that summarizes research papers within your browser. Also helps you brainstorm ideas.
&lt;a href="https://twitter.com/MushtaqBilalPhD/status/1635179074665709568" target="_blank" rel="noopener">https://twitter.com/MushtaqBilalPhD/status/1635179074665709568&lt;/a>&lt;/p>
&lt;h4 id="scispace">&lt;a href="https://typeset.io/" target="_blank" rel="noopener">SciSpace&lt;/a>&lt;/h4>
&lt;p>One of the most powerful and versatile tools currently available for reading journal articles.
You can ask your reading Copilot to explain difficult passages.
&lt;a href="https://typeset.io/" target="_blank" rel="noopener">https://typeset.io/&lt;/a>&lt;/p>
&lt;h3 id="for-taking-notes">For taking notes:&lt;/h3>
&lt;h4 id="lateral">&lt;a href="https://www.lateral.io/" target="_blank" rel="noopener">Lateral&lt;/a>&lt;/h4>
&lt;p>A unique app that helps you find common themes across multiple research papers — in minutes.
&lt;a href="https://www.lateral.io/" target="_blank" rel="noopener">https://www.lateral.io/&lt;/a>&lt;/p>
&lt;h4 id="cliovis">&lt;a href="https://cliovis.com/" target="_blank" rel="noopener">ClioVis&lt;/a>&lt;/h4>
&lt;p>Not an AI-powered app but still much better than many available tools. I am using it for my current research project.
Helps you visualize connections between different ideas and concepts. Also lets you export your notes to an MS Word file.
&lt;a href="https://cliovis.com/" target="_blank" rel="noopener">https://cliovis.com/&lt;/a>&lt;/p>
&lt;h4 id="glasp">&lt;a href="https://twitter.com/MushtaqBilalPhD/status/1636248905078669313" target="_blank" rel="noopener">Glasp&lt;/a>&lt;/h4>
&lt;p>Think of it as Twitter but for note-takers.
Take notes on research papers and share them with likeminded people across the world
&lt;a href="https://twitter.com/MushtaqBilalPhD/status/1636248905078669313" target="_blank" rel="noopener">https://twitter.com/MushtaqBilalPhD/status/1636248905078669313&lt;/a>&lt;/p>
&lt;h4 id="audiopen">&lt;a href="https://audiopen.ai/" target="_blank" rel="noopener">Audiopen&lt;/a>&lt;/h4>
&lt;p>Converts your voice notes into coherent and cohesive prose.
&lt;a href="https://audiopen.ai/" target="_blank" rel="noopener">https://audiopen.ai/&lt;/a>&lt;/p>
&lt;h3 id="search-engines">Search engines:&lt;/h3>
&lt;h4 id="consensus">&lt;a href="http://consensus.app/" target="_blank" rel="noopener">Consensus&lt;/a>&lt;/h4>
&lt;p>Unlike ChatGPT that gives you fake citations, Consensus answers your questions with references to actually published papers.
&lt;a href="http://consensus.app/" target="_blank" rel="noopener">http://consensus.app/&lt;/a>&lt;/p>
&lt;h4 id="evidence-hunt">&lt;a href="http://evidencehunt.com/" target="_blank" rel="noopener">Evidence Hunt&lt;/a>&lt;/h4>
&lt;p>Answers your clinical questions with citations to published papers.
&lt;a href="http://evidencehunt.com/" target="_blank" rel="noopener">http://evidencehunt.com/&lt;/a>&lt;/p>
&lt;h4 id="search-smart">&lt;a href="http://searchsmart.org/" target="_blank" rel="noopener">Search Smart&lt;/a>&lt;/h4>
&lt;p>A search engine to help you find the most suitable database for your research.
&lt;a href="http://searchsmart.org/" target="_blank" rel="noopener">http://searchsmart.org/&lt;/a>&lt;/p></description></item><item><title>Including Images in Markdown</title><link>https://sajid.buet.ac.bd/outreach/blog/20230414-md-image/</link><pubDate>Fri, 14 Apr 2023 00:00:00 +0000</pubDate><guid>https://sajid.buet.ac.bd/outreach/blog/20230414-md-image/</guid><description>&lt;p>Both the websites that I manage, the Department of EEE website and my personal website uses markdown formatting. It is possible to use images in jpeg or png format, but it is much easier to use inline description of an image. Here is a workflow that I found to be helpful. If you have a complicated table in word, you can easily include it inline in vector format&lt;/p>
&lt;h4 id="steps">Steps&lt;/h4>
&lt;ol>
&lt;li>Keep your table / art in word document, remove all other text, and click Save As and save the file as PDF.&lt;/li>
&lt;li>Open the PDF file in Adobe Illustrator or InkScape. Remove any unnecessary white boxes. Then save the file as SVG&lt;/li>
&lt;li>Open the SVG file in notepad. Copy the text and paste it in MarkDown.&lt;/li>
&lt;/ol>
&lt;h4 id="example-table">Example Table:&lt;/h4>
&lt;p>&lt;svg id="Layer_1" data-name="Layer 1" xmlns="http://www.w3.org/2000/svg" xmlns:xlink="http://www.w3.org/1999/xlink" viewBox="0 0 480.08 118.22">&lt;defs>&lt;style>.cls-1{fill:none;}.cls-2{clip-path:url(#clip-path);}.cls-3,.cls-38,.cls-53,.cls-60{font-size:8.04px;}.cls-3,.cls-38,.cls-53,.cls-60,.cls-66,.cls-92{font-family:TimesNewRomanPSMT, Times New Roman;}.cls-4{letter-spacing:0em;}.cls-5{letter-spacing:-0.01em;}.cls-6{letter-spacing:0em;}.cls-7{letter-spacing:0em;}.cls-8{letter-spacing:-0.01em;}.cls-9{letter-spacing:-0.01em;}.cls-10{letter-spacing:-0.01em;}.cls-11{fill:#f2dbdb;}.cls-12{clip-path:url(#clip-path-5);}.cls-13{letter-spacing:-0.01em;}.cls-14{letter-spacing:0.01em;}.cls-15{letter-spacing:0.01em;}.cls-16{letter-spacing:-0.02em;}.cls-17{letter-spacing:-0.01em;}.cls-18{letter-spacing:0.01em;}.cls-19{letter-spacing:0em;}.cls-20{letter-spacing:0em;}.cls-21{letter-spacing:0em;}.cls-22{letter-spacing:-0.02em;}.cls-23{letter-spacing:-0.01em;}.cls-24{fill:#fde9d9;}.cls-25{clip-path:url(#clip-path-8);}.cls-26{letter-spacing:-0.02em;}.cls-27{letter-spacing:0.01em;}.cls-28{letter-spacing:-0.01em;}.cls-29{letter-spacing:0em;}.cls-30{letter-spacing:-0.01em;}.cls-31{letter-spacing:-0.01em;}.cls-32{letter-spacing:-0.02em;}.cls-33{letter-spacing:0em;}.cls-34{letter-spacing:0em;}.cls-35{letter-spacing:-0.01em;}.cls-36{fill:#e5dfec;}.cls-37{clip-path:url(#clip-path-11);}.cls-38{letter-spacing:0em;}.cls-39{letter-spacing:0.01em;}.cls-40{letter-spacing:-0.01em;}.cls-41{letter-spacing:0em;}.cls-42{clip-path:url(#clip-path-14);}.cls-43{clip-path:url(#clip-path-17);}.cls-44{clip-path:url(#clip-path-20);}.cls-45{clip-path:url(#clip-path-23);}.cls-46{clip-path:url(#clip-path-26);}.cls-47{clip-path:url(#clip-path-29);}.cls-48{clip-path:url(#clip-path-32);}.cls-49{clip-path:url(#clip-path-35);}.cls-50{clip-path:url(#clip-path-38);}.cls-51,.cls-53{letter-spacing:0em;}.cls-52{clip-path:url(#clip-path-41);}.cls-54{clip-path:url(#clip-path-44);}.cls-55{clip-path:url(#clip-path-47);}.cls-56{clip-path:url(#clip-path-50);}.cls-57{clip-path:url(#clip-path-53);}.cls-58{clip-path:url(#clip-path-56);}.cls-59{clip-path:url(#clip-path-59);}.cls-60{letter-spacing:-0.01em;}.cls-61{clip-path:url(#clip-path-62);}.cls-62{clip-path:url(#clip-path-65);}.cls-63{clip-path:url(#clip-path-68);}.cls-64{clip-path:url(#clip-path-71);}.cls-65{clip-path:url(#clip-path-74);}.cls-66{font-size:6.96px;}.cls-67{letter-spacing:0em;}.cls-68{letter-spacing:0em;}.cls-69{letter-spacing:0em;}.cls-70{letter-spacing:0em;}.cls-71{clip-path:url(#clip-path-77);}.cls-72{letter-spacing:0.01em;}.cls-73{letter-spacing:0em;}.cls-74{clip-path:url(#clip-path-80);}.cls-75{letter-spacing:-0.01em;}.cls-76{letter-spacing:0.01em;}.cls-77{letter-spacing:0.01em;}.cls-78{letter-spacing:0em;}.cls-79{letter-spacing:0.02em;}.cls-80{clip-path:url(#clip-path-83);}.cls-81{letter-spacing:0em;}.cls-82{letter-spacing:0.02em;}.cls-83{clip-path:url(#clip-path-86);}.cls-84{letter-spacing:0.01em;}.cls-85{clip-path:url(#clip-path-89);}.cls-86{letter-spacing:0.01em;}.cls-87{clip-path:url(#clip-path-92);}.cls-88{clip-path:url(#clip-path-95);}.cls-89{letter-spacing:0em;}.cls-90{letter-spacing:0em;}.cls-91{clip-path:url(#clip-path-98);}.cls-92{font-size:6px;}.cls-93{letter-spacing:0em;}.cls-94{letter-spacing:0em;}.cls-95{letter-spacing:0.01em;}.cls-96{letter-spacing:0.01em;}.cls-97{clip-path:url(#clip-path-103);}.cls-98{letter-spacing:0em;}.cls-99{letter-spacing:0.01em;}.cls-100{letter-spacing:0em;}.cls-101{letter-spacing:0em;}.cls-102{letter-spacing:0em;}.cls-103{letter-spacing:0em;}.cls-104{clip-path:url(#clip-path-106);}.cls-105{letter-spacing:0.01em;}.cls-106{letter-spacing:0.01em;}.cls-107{letter-spacing:0.01em;}.cls-108{letter-spacing:0em;}.cls-109{clip-path:url(#clip-path-109);}.cls-110{letter-spacing:0em;}.cls-111{letter-spacing:0.02em;}.cls-112{letter-spacing:0em;}.cls-113{letter-spacing:0em;}.cls-114{clip-path:url(#clip-path-112);}.cls-115{clip-path:url(#clip-path-115);}.cls-116{clip-path:url(#clip-path-118);}.cls-117{letter-spacing:0.01em;}.cls-118{clip-path:url(#clip-path-121);}.cls-119{letter-spacing:0em;}.cls-120{letter-spacing:0em;}.cls-121{clip-path:url(#clip-path-124);}.cls-122{letter-spacing:0.01em;}.cls-123{letter-spacing:-0.01em;}.cls-124{clip-path:url(#clip-path-127);}.cls-125{letter-spacing:-0.01em;}.cls-126{letter-spacing:0em;}.cls-127{letter-spacing:0.02em;}.cls-128{clip-path:url(#clip-path-130);}.cls-129{letter-spacing:0.01em;}.cls-130{clip-path:url(#clip-path-133);}.cls-131{clip-path:url(#clip-path-136);}.cls-132{letter-spacing:0em;}.cls-133{letter-spacing:0em;}.cls-134{clip-path:url(#clip-path-139);}.cls-135{clip-path:url(#clip-path-141);}.cls-136{clip-path:url(#clip-path-143);}.cls-137{clip-path:url(#clip-path-145);}.cls-138{clip-path:url(#clip-path-148);}.cls-139{clip-path:url(#clip-path-151);}.cls-140{clip-path:url(#clip-path-154);}.cls-141{clip-path:url(#clip-path-157);}.cls-142{clip-path:url(#clip-path-159);}.cls-143{clip-path:url(#clip-path-161);}.cls-144{clip-path:url(#clip-path-164);}.cls-145{clip-path:url(#clip-path-167);}.cls-146{clip-path:url(#clip-path-170);}.cls-147{clip-path:url(#clip-path-172);}.cls-148{clip-path:url(#clip-path-174);}.cls-149{clip-path:url(#clip-path-176);}.cls-150{clip-path:url(#clip-path-178);}.cls-151{clip-path:url(#clip-path-180);}.cls-152{clip-path:url(#clip-path-182);}.cls-153{clip-path:url(#clip-path-185);}.cls-154{clip-path:url(#clip-path-187);}&lt;/style>&lt;clipPath id="clip-path" transform="translate(-66.02 -77.04)">&lt;rect class="cls-1" x="66.5" y="77.52" width="26.76" height="103.46"/>&lt;/clipPath>&lt;clipPath id="clip-path-5" transform="translate(-66.02 -77.04)">&lt;rect class="cls-1" x="93.74" y="77.52" width="181.22" height="11.54"/>&lt;/clipPath>&lt;clipPath id="clip-path-8" transform="translate(-66.02 -77.04)">&lt;rect class="cls-1" x="275.45" y="77.52" width="156.14" height="11.54"/>&lt;/clipPath>&lt;clipPath id="clip-path-11" transform="translate(-66.02 -77.04)">&lt;rect class="cls-1" x="432.07" y="77.52" width="113.54" height="11.54"/>&lt;/clipPath>&lt;clipPath id="clip-path-14" transform="translate(-66.02 -77.04)">&lt;rect class="cls-1" x="93.74" y="89.54" width="21.36" height="11.52"/>&lt;/clipPath>&lt;clipPath id="clip-path-17" transform="translate(-66.02 -77.04)">&lt;rect class="cls-1" x="115.58" y="89.54" width="22.44" height="11.52"/>&lt;/clipPath>&lt;clipPath id="clip-path-20" transform="translate(-66.02 -77.04)">&lt;rect class="cls-1" x="138.5" y="89.54" width="22.32" height="11.52"/>&lt;/clipPath>&lt;clipPath id="clip-path-23" transform="translate(-66.02 -77.04)">&lt;rect class="cls-1" x="161.3" y="89.54" width="22.32" height="11.52"/>&lt;/clipPath>&lt;clipPath id="clip-path-26" transform="translate(-66.02 -77.04)">&lt;rect class="cls-1" x="184.22" y="89.54" width="22.34" height="11.52"/>&lt;/clipPath>&lt;clipPath id="clip-path-29" transform="translate(-66.02 -77.04)">&lt;rect class="cls-1" x="207.05" y="89.54" width="22.32" height="11.52"/>&lt;/clipPath>&lt;clipPath id="clip-path-32" transform="translate(-66.02 -77.04)">&lt;rect class="cls-1" x="229.85" y="89.54" width="22.32" height="11.52"/>&lt;/clipPath>&lt;clipPath id="clip-path-35" transform="translate(-66.02 -77.04)">&lt;rect class="cls-1" x="252.65" y="89.54" width="22.32" height="11.52"/>&lt;/clipPath>&lt;clipPath id="clip-path-38" transform="translate(-66.02 -77.04)">&lt;rect class="cls-1" x="275.45" y="89.54" width="20.88" height="11.52"/>&lt;/clipPath>&lt;clipPath id="clip-path-41" transform="translate(-66.02 -77.04)">&lt;rect class="cls-1" x="296.81" y="89.54" width="20.76" height="11.52"/>&lt;/clipPath>&lt;clipPath id="clip-path-44" transform="translate(-66.02 -77.04)">&lt;rect class="cls-1" x="318.05" y="89.54" width="22.34" height="11.52"/>&lt;/clipPath>&lt;clipPath id="clip-path-47" transform="translate(-66.02 -77.04)">&lt;rect class="cls-1" x="340.87" y="89.54" width="22.32" height="11.52"/>&lt;/clipPath>&lt;clipPath id="clip-path-50" transform="translate(-66.02 -77.04)">&lt;rect class="cls-1" x="363.67" y="89.54" width="22.32" height="11.52"/>&lt;/clipPath>&lt;clipPath id="clip-path-53" transform="translate(-66.02 -77.04)">&lt;rect class="cls-1" x="386.47" y="89.54" width="22.32" height="11.52"/>&lt;/clipPath>&lt;clipPath id="clip-path-56" transform="translate(-66.02 -77.04)">&lt;rect class="cls-1" x="409.27" y="89.54" width="22.32" height="11.52"/>&lt;/clipPath>&lt;clipPath id="clip-path-59" transform="translate(-66.02 -77.04)">&lt;rect class="cls-1" x="432.07" y="89.54" width="22.32" height="11.52"/>&lt;/clipPath>&lt;clipPath id="clip-path-62" transform="translate(-66.02 -77.04)">&lt;rect class="cls-1" x="454.87" y="89.54" width="22.34" height="11.52"/>&lt;/clipPath>&lt;clipPath id="clip-path-65" transform="translate(-66.02 -77.04)">&lt;rect class="cls-1" x="477.7" y="89.54" width="22.32" height="11.52"/>&lt;/clipPath>&lt;clipPath id="clip-path-68" transform="translate(-66.02 -77.04)">&lt;rect class="cls-1" x="500.5" y="89.54" width="22.32" height="11.52"/>&lt;/clipPath>&lt;clipPath id="clip-path-71" transform="translate(-66.02 -77.04)">&lt;rect class="cls-1" x="523.3" y="89.54" width="22.32" height="11.52"/>&lt;/clipPath>&lt;clipPath id="clip-path-74" transform="translate(-66.02 -77.04)">&lt;rect class="cls-1" x="93.74" y="101.54" width="21.36" height="79.44"/>&lt;/clipPath>&lt;clipPath id="clip-path-77" transform="translate(-66.02 -77.04)">&lt;rect class="cls-1" x="115.58" y="101.54" width="22.44" height="79.44"/>&lt;/clipPath>&lt;clipPath id="clip-path-80" transform="translate(-66.02 -77.04)">&lt;rect class="cls-1" x="138.5" y="101.54" width="22.32" height="79.44"/>&lt;/clipPath>&lt;clipPath id="clip-path-83" transform="translate(-66.02 -77.04)">&lt;rect class="cls-1" x="161.3" y="101.54" width="22.32" height="79.44"/>&lt;/clipPath>&lt;clipPath id="clip-path-86" transform="translate(-66.02 -77.04)">&lt;rect class="cls-1" x="184.22" y="101.54" width="22.34" height="79.44"/>&lt;/clipPath>&lt;clipPath id="clip-path-89" transform="translate(-66.02 -77.04)">&lt;rect class="cls-1" x="207.05" y="101.54" width="22.32" height="79.44"/>&lt;/clipPath>&lt;clipPath id="clip-path-92" transform="translate(-66.02 -77.04)">&lt;rect class="cls-1" x="229.85" y="101.54" width="22.32" height="79.44"/>&lt;/clipPath>&lt;clipPath id="clip-path-95" transform="translate(-66.02 -77.04)">&lt;rect class="cls-1" x="252.65" y="101.54" width="22.32" height="79.44"/>&lt;/clipPath>&lt;clipPath id="clip-path-98" transform="translate(-66.02 -77.04)">&lt;rect class="cls-1" x="275.45" y="101.54" width="20.88" height="79.44"/>&lt;/clipPath>&lt;clipPath id="clip-path-103" transform="translate(-66.02 -77.04)">&lt;rect class="cls-1" x="296.81" y="101.54" width="20.76" height="79.44"/>&lt;/clipPath>&lt;clipPath id="clip-path-106" transform="translate(-66.02 -77.04)">&lt;rect class="cls-1" x="318.05" y="101.54" width="22.34" height="79.44"/>&lt;/clipPath>&lt;clipPath id="clip-path-109" transform="translate(-66.02 -77.04)">&lt;rect class="cls-1" x="340.87" y="101.54" width="22.32" height="79.44"/>&lt;/clipPath>&lt;clipPath id="clip-path-112" transform="translate(-66.02 -77.04)">&lt;rect class="cls-1" x="363.67" y="101.54" width="22.32" height="79.44"/>&lt;/clipPath>&lt;clipPath id="clip-path-115" transform="translate(-66.02 -77.04)">&lt;rect class="cls-1" x="386.47" y="101.54" width="22.32" height="79.44"/>&lt;/clipPath>&lt;clipPath id="clip-path-118" transform="translate(-66.02 -77.04)">&lt;rect class="cls-1" x="409.27" y="101.54" width="22.32" height="79.44"/>&lt;/clipPath>&lt;clipPath id="clip-path-121" transform="translate(-66.02 -77.04)">&lt;rect class="cls-1" x="432.07" y="101.54" width="113.54" height="10.08"/>&lt;/clipPath>&lt;clipPath id="clip-path-124" transform="translate(-66.02 -77.04)">&lt;rect class="cls-1" x="432.07" y="112.1" width="22.32" height="68.88"/>&lt;/clipPath>&lt;clipPath id="clip-path-127" transform="translate(-66.02 -77.04)">&lt;rect class="cls-1" x="454.87" y="112.1" width="22.34" height="68.88"/>&lt;/clipPath>&lt;clipPath id="clip-path-130" transform="translate(-66.02 -77.04)">&lt;rect class="cls-1" x="477.7" y="112.1" width="22.32" height="68.88"/>&lt;/clipPath>&lt;clipPath id="clip-path-133" transform="translate(-66.02 -77.04)">&lt;rect class="cls-1" x="500.5" y="112.1" width="22.32" height="68.88"/>&lt;/clipPath>&lt;clipPath id="clip-path-136" transform="translate(-66.02 -77.04)">&lt;rect class="cls-1" x="523.3" y="112.1" width="22.32" height="68.88"/>&lt;/clipPath>&lt;clipPath id="clip-path-139" transform="translate(-66.02 -77.04)">&lt;rect class="cls-1" x="66.5" y="181.46" width="26.76" height="13.32"/>&lt;/clipPath>&lt;clipPath id="clip-path-141" transform="translate(-66.02 -77.04)">&lt;rect class="cls-1" x="93.74" y="181.46" width="21.36" height="13.32"/>&lt;/clipPath>&lt;clipPath id="clip-path-143" transform="translate(-66.02 -77.04)">&lt;rect class="cls-1" x="115.58" y="181.46" width="22.44" height="13.32"/>&lt;/clipPath>&lt;clipPath id="clip-path-145" transform="translate(-66.02 -77.04)">&lt;rect class="cls-1" x="138.5" y="181.46" width="22.32" height="13.32"/>&lt;/clipPath>&lt;clipPath id="clip-path-148" transform="translate(-66.02 -77.04)">&lt;rect class="cls-1" x="161.3" y="181.46" width="22.32" height="13.32"/>&lt;/clipPath>&lt;clipPath id="clip-path-151" transform="translate(-66.02 -77.04)">&lt;rect class="cls-1" x="184.22" y="181.46" width="22.34" height="13.32"/>&lt;/clipPath>&lt;clipPath id="clip-path-154" transform="translate(-66.02 -77.04)">&lt;rect class="cls-1" x="207.05" y="181.46" width="22.32" height="13.32"/>&lt;/clipPath>&lt;clipPath id="clip-path-157" transform="translate(-66.02 -77.04)">&lt;rect class="cls-1" x="229.85" y="181.46" width="22.32" height="13.32"/>&lt;/clipPath>&lt;clipPath id="clip-path-159" transform="translate(-66.02 -77.04)">&lt;rect class="cls-1" x="252.65" y="181.46" width="22.32" height="13.32"/>&lt;/clipPath>&lt;clipPath id="clip-path-161" transform="translate(-66.02 -77.04)">&lt;rect class="cls-1" x="275.45" y="181.46" width="20.88" height="13.32"/>&lt;/clipPath>&lt;clipPath id="clip-path-164" transform="translate(-66.02 -77.04)">&lt;rect class="cls-1" x="296.81" y="181.46" width="20.76" height="13.32"/>&lt;/clipPath>&lt;clipPath id="clip-path-167" transform="translate(-66.02 -77.04)">&lt;rect class="cls-1" x="318.05" y="181.46" width="22.34" height="13.32"/>&lt;/clipPath>&lt;clipPath id="clip-path-170" transform="translate(-66.02 -77.04)">&lt;rect class="cls-1" x="340.87" y="181.46" width="22.32" height="13.32"/>&lt;/clipPath>&lt;clipPath id="clip-path-172" transform="translate(-66.02 -77.04)">&lt;rect class="cls-1" x="363.67" y="181.46" width="22.32" height="13.32"/>&lt;/clipPath>&lt;clipPath id="clip-path-174" transform="translate(-66.02 -77.04)">&lt;rect class="cls-1" x="386.47" y="181.46" width="22.32" height="13.32"/>&lt;/clipPath>&lt;clipPath id="clip-path-176" transform="translate(-66.02 -77.04)">&lt;rect class="cls-1" x="409.27" y="181.46" width="22.32" height="13.32"/>&lt;/clipPath>&lt;clipPath id="clip-path-178" transform="translate(-66.02 -77.04)">&lt;rect class="cls-1" x="432.07" y="181.46" width="22.32" height="13.32"/>&lt;/clipPath>&lt;clipPath id="clip-path-180" transform="translate(-66.02 -77.04)">&lt;rect class="cls-1" x="454.87" y="181.46" width="22.34" height="13.32"/>&lt;/clipPath>&lt;clipPath id="clip-path-182" transform="translate(-66.02 -77.04)">&lt;rect class="cls-1" x="477.7" y="181.46" width="22.32" height="13.32"/>&lt;/clipPath>&lt;clipPath id="clip-path-185" transform="translate(-66.02 -77.04)">&lt;rect class="cls-1" x="500.5" y="181.46" width="22.32" height="13.32"/>&lt;/clipPath>&lt;clipPath id="clip-path-187" transform="translate(-66.02 -77.04)">&lt;rect class="cls-1" x="523.3" y="181.46" width="22.32" height="13.32"/>&lt;/clipPath>&lt;/defs>&lt;g class="cls-2">&lt;g class="cls-2">&lt;text class="cls-3" transform="translate(13.2 98.3) rotate(-90)">&lt;tspan class="cls-4">C&lt;/tspan>&lt;tspan class="cls-5" x="5.39" y="0">o&lt;/tspan>&lt;tspan class="cls-6" x="9.37" y="0">u&lt;/tspan>&lt;tspan class="cls-7" x="13.43" y="0">r&lt;/tspan>&lt;tspan x="16.06" y="0">se&lt;/tspan>&lt;tspan class="cls-8" x="22.76" y="0"> &lt;/tspan>&lt;tspan x="24.71" y="0">EE&lt;/tspan>&lt;tspan class="cls-9" x="34.53" y="0">E&lt;/tspan>&lt;tspan x="39.35" y="0"> &lt;/tspan>&lt;/text>&lt;/g>&lt;g class="cls-2">&lt;text class="cls-3" transform="translate(13.2 56.9) rotate(-90)">&lt;tspan class="cls-10">41&lt;/tspan>&lt;tspan x="7.93" y="0">6&lt;/tspan>&lt;/text>&lt;/g>&lt;g class="cls-2">&lt;text class="cls-3" transform="translate(13.2 45.02) rotate(-90)"> &lt;/text>&lt;/g>&lt;/g>&lt;rect class="cls-11" x="27.72" y="0.48" width="181.22" height="11.54"/>&lt;g class="cls-12">&lt;rect class="cls-11" x="32.88" y="0.48" width="170.9" height="11.54"/>&lt;g class="cls-12">&lt;text class="cls-3" transform="translate(88.08 8.06)">&lt;tspan class="cls-13">K&lt;/tspan>&lt;tspan class="cls-14" x="5.76" y="0">n&lt;/tspan>&lt;tspan class="cls-15" x="9.82" y="0">o&lt;/tspan>&lt;tspan class="cls-16" x="13.89" y="0">w&lt;/tspan>&lt;tspan class="cls-6" x="19.52" y="0">l&lt;/tspan>&lt;tspan class="cls-17" x="21.8" y="0">e&lt;/tspan>&lt;tspan class="cls-18" x="25.29" y="0">d&lt;/tspan>&lt;tspan class="cls-10" x="29.35" y="0">g&lt;/tspan>&lt;tspan class="cls-19" x="33.32" y="0">e&lt;/tspan>&lt;tspan class="cls-20" x="36.91" y="0"> &lt;/tspan>&lt;tspan class="cls-21" x="38.94" y="0">P&lt;/tspan>&lt;tspan class="cls-7" x="43.38" y="0">r&lt;/tspan>&lt;tspan class="cls-6" x="46.01" y="0">o&lt;/tspan>&lt;tspan class="cls-22" x="50.07" y="0">f&lt;/tspan>&lt;tspan class="cls-6" x="52.59" y="0">i&lt;/tspan>&lt;tspan class="cls-23" x="54.86" y="0">l&lt;/tspan>&lt;tspan x="57.03" y="0">e&lt;/tspan>&lt;/text>&lt;/g>&lt;g class="cls-12">&lt;text class="cls-3" transform="translate(148.71 8.06)"> &lt;/text>&lt;/g>&lt;/g>&lt;rect class="cls-24" x="209.43" y="0.48" width="156.14" height="11.54"/>&lt;g class="cls-25">&lt;rect class="cls-24" x="214.59" y="0.48" width="145.82" height="11.54"/>&lt;g class="cls-25">&lt;text class="cls-3" transform="translate(224.31 8.06)">&lt;tspan class="cls-4">C&lt;/tspan>&lt;tspan class="cls-14" x="5.39" y="0">o&lt;/tspan>&lt;tspan class="cls-26" x="9.46" y="0">m&lt;/tspan>&lt;tspan class="cls-27" x="15.58" y="0">p&lt;/tspan>&lt;tspan class="cls-23" x="19.64" y="0">l&lt;/tspan>&lt;tspan class="cls-28" x="21.81" y="0">e&lt;/tspan>&lt;tspan class="cls-27" x="25.3" y="0">x&lt;/tspan>&lt;tspan class="cls-29" x="29.36" y="0"> &lt;/tspan>&lt;tspan class="cls-30" x="31.38" y="0">E&lt;/tspan>&lt;tspan class="cls-27" x="36.19" y="0">n&lt;/tspan>&lt;tspan class="cls-31" x="40.25" y="0">g&lt;/tspan>&lt;tspan class="cls-23" x="44.21" y="0">i&lt;/tspan>&lt;tspan class="cls-27" x="46.38" y="0">n&lt;/tspan>&lt;tspan class="cls-19" x="50.44" y="0">ee&lt;/tspan>&lt;tspan class="cls-32" x="57.63" y="0">r&lt;/tspan>&lt;tspan class="cls-6" x="60.15" y="0">i&lt;/tspan>&lt;tspan class="cls-5" x="62.42" y="0">n&lt;/tspan>&lt;tspan class="cls-27" x="66.39" y="0">g&lt;/tspan>&lt;tspan class="cls-33" x="70.45" y="0"> &lt;/tspan>&lt;tspan class="cls-34" x="72.48" y="0">P&lt;/tspan>&lt;tspan class="cls-32" x="76.92" y="0">r&lt;/tspan>&lt;tspan class="cls-27" x="79.43" y="0">o&lt;/tspan>&lt;tspan class="cls-31" x="83.49" y="0">b&lt;/tspan>&lt;tspan class="cls-6" x="87.46" y="0">l&lt;/tspan>&lt;tspan class="cls-19" x="89.73" y="0">e&lt;/tspan>&lt;tspan class="cls-26" x="93.32" y="0">m&lt;/tspan>&lt;tspan class="cls-33" x="99.45" y="0"> &lt;/tspan>&lt;tspan class="cls-21" x="101.48" y="0">S&lt;/tspan>&lt;tspan class="cls-31" x="105.92" y="0">o&lt;/tspan>&lt;tspan class="cls-6" x="109.88" y="0">l&lt;/tspan>&lt;tspan class="cls-31" x="112.15" y="0">v&lt;/tspan>&lt;tspan class="cls-35" x="116.12" y="0">i&lt;/tspan>&lt;tspan class="cls-5" x="118.29" y="0">n&lt;/tspan>&lt;tspan x="122.26" y="0">g&lt;/tspan>&lt;/text>&lt;/g>&lt;g class="cls-25">&lt;text class="cls-3" transform="translate(350.69 8.06)"> &lt;/text>&lt;/g>&lt;/g>&lt;rect class="cls-36" x="366.05" y="0.48" width="113.54" height="11.54"/>&lt;g class="cls-37">&lt;rect class="cls-36" x="371.21" y="0.48" width="103.22" height="11.54"/>&lt;g class="cls-37">&lt;text class="cls-38" transform="translate(385.61 8.06)">C&lt;tspan class="cls-27" x="5.39" y="0">o&lt;/tspan>&lt;tspan class="cls-26" x="9.46" y="0">m&lt;/tspan>&lt;tspan class="cls-27" x="15.58" y="0">p&lt;/tspan>&lt;tspan class="cls-23" x="19.64" y="0">l&lt;/tspan>&lt;tspan class="cls-28" x="21.81" y="0">e&lt;/tspan>&lt;tspan class="cls-39" x="25.3" y="0">x&lt;/tspan>&lt;tspan class="cls-33" x="29.37" y="0"> &lt;/tspan>&lt;tspan class="cls-30" x="31.39" y="0">E&lt;/tspan>&lt;tspan class="cls-6" x="36.2" y="0">n&lt;/tspan>&lt;tspan class="cls-31" x="40.26" y="0">g&lt;/tspan>&lt;tspan class="cls-33" x="44.22" y="0">. &lt;/tspan>&lt;tspan class="cls-5" x="48.27" y="0">A&lt;/tspan>&lt;tspan class="cls-40" x="54.03" y="0">c&lt;/tspan>&lt;tspan class="cls-27" x="57.52" y="0">t&lt;/tspan>&lt;tspan class="cls-23" x="59.79" y="0">i&lt;/tspan>&lt;tspan class="cls-27" x="61.96" y="0">v&lt;/tspan>&lt;tspan class="cls-35" x="66.02" y="0">it&lt;/tspan>&lt;tspan class="cls-41" x="70.36" y="0">y&lt;/tspan>&lt;/text>&lt;/g>&lt;g class="cls-37">&lt;text class="cls-3" transform="translate(460.04 8.06)"> &lt;/text>&lt;/g>&lt;/g>&lt;rect width="0.48" height="0.48"/>&lt;rect width="0.48" height="0.48"/>&lt;rect x="0.48" width="26.76" height="0.48"/>&lt;rect x="27.24" width="0.48" height="0.48"/>&lt;rect x="27.72" width="181.22" height="0.48"/>&lt;rect x="208.95" width="0.48" height="0.48"/>&lt;rect x="209.43" width="156.14" height="0.48"/>&lt;rect x="365.57" width="0.48" height="0.48"/>&lt;rect x="366.05" width="113.54" height="0.48"/>&lt;rect x="479.6" width="0.48" height="0.48"/>&lt;rect x="479.6" width="0.48" height="0.48"/>&lt;rect y="0.48" width="0.48" height="11.54"/>&lt;rect x="27.24" y="0.48" width="0.48" height="11.54"/>&lt;rect x="208.95" y="0.48" width="0.48" height="11.54"/>&lt;rect x="365.57" y="0.48" width="0.48" height="11.54"/>&lt;rect x="479.6" y="0.48" width="0.48" height="11.54"/>&lt;rect class="cls-11" x="27.72" y="12.5" width="21.36" height="11.52"/>&lt;g class="cls-42">&lt;rect class="cls-11" x="32.88" y="12.5" width="11.04" height="9.24"/>&lt;g class="cls-42">&lt;text class="cls-3" transform="translate(33.6 20.06)">&lt;tspan class="cls-7">K&lt;/tspan>&lt;tspan x="5.77" y="0">1&lt;/tspan>&lt;/text>&lt;/g>&lt;g class="cls-42">&lt;text class="cls-3" transform="translate(43.32 20.06)"> &lt;/text>&lt;/g>&lt;/g>&lt;rect class="cls-11" x="49.56" y="12.5" width="22.44" height="11.52"/>&lt;g class="cls-43">&lt;rect class="cls-11" x="54.72" y="12.5" width="12.12" height="11.52"/>&lt;g class="cls-43">&lt;text class="cls-3" transform="translate(55.8 20.06)">&lt;tspan class="cls-7">K&lt;/tspan>&lt;tspan x="5.77" y="0">2&lt;/tspan>&lt;/text>&lt;/g>&lt;g class="cls-43">&lt;text class="cls-3" transform="translate(65.52 20.06)"> &lt;/text>&lt;/g>&lt;/g>&lt;rect class="cls-11" x="72.48" y="12.5" width="22.32" height="11.52"/>&lt;g class="cls-44">&lt;rect class="cls-11" x="77.64" y="12.5" width="12" height="11.52"/>&lt;g class="cls-44">&lt;text class="cls-3" transform="translate(78.72 20.06)">&lt;tspan class="cls-7">K&lt;/tspan>&lt;tspan x="5.77" y="0">3&lt;/tspan>&lt;/text>&lt;/g>&lt;g class="cls-44">&lt;text class="cls-3" transform="translate(88.44 20.06)"> &lt;/text>&lt;/g>&lt;/g>&lt;rect class="cls-11" x="95.28" y="12.5" width="22.32" height="11.52"/>&lt;g class="cls-45">&lt;rect class="cls-11" x="100.44" y="12.5" width="12.12" height="11.52"/>&lt;g class="cls-45">&lt;text class="cls-3" transform="translate(101.52 20.06)">&lt;tspan class="cls-7">K&lt;/tspan>&lt;tspan x="5.77" y="0">4&lt;/tspan>&lt;/text>&lt;/g>&lt;g class="cls-45">&lt;text class="cls-3" transform="translate(111.24 20.06)"> &lt;/text>&lt;/g>&lt;/g>&lt;rect class="cls-11" x="118.2" y="12.5" width="22.34" height="11.52"/>&lt;g class="cls-46">&lt;rect class="cls-11" x="123.24" y="12.5" width="12.14" height="11.52"/>&lt;g class="cls-46">&lt;text class="cls-3" transform="translate(124.32 20.06)">&lt;tspan class="cls-7">K&lt;/tspan>&lt;tspan x="5.77" y="0">5&lt;/tspan>&lt;/text>&lt;/g>&lt;g class="cls-46">&lt;text class="cls-3" transform="translate(134.07 20.06)"> &lt;/text>&lt;/g>&lt;/g>&lt;rect class="cls-11" x="141.03" y="12.5" width="22.32" height="11.52"/>&lt;g class="cls-47">&lt;rect class="cls-11" x="146.19" y="12.5" width="12" height="11.52"/>&lt;g class="cls-47">&lt;text class="cls-3" transform="translate(147.27 20.06)">&lt;tspan class="cls-7">K&lt;/tspan>&lt;tspan x="5.77" y="0">6&lt;/tspan>&lt;/text>&lt;/g>&lt;g class="cls-47">&lt;text class="cls-3" transform="translate(156.99 20.06)"> &lt;/text>&lt;/g>&lt;/g>&lt;rect class="cls-11" x="163.83" y="12.5" width="22.32" height="11.52"/>&lt;g class="cls-48">&lt;rect class="cls-11" x="168.99" y="12.5" width="12" height="11.52"/>&lt;g class="cls-48">&lt;text class="cls-3" transform="translate(170.07 20.06)">&lt;tspan class="cls-7">K&lt;/tspan>&lt;tspan x="5.77" y="0">7&lt;/tspan>&lt;/text>&lt;/g>&lt;g class="cls-48">&lt;text class="cls-3" transform="translate(179.79 20.06)"> &lt;/text>&lt;/g>&lt;/g>&lt;rect class="cls-11" x="186.63" y="12.5" width="22.32" height="11.52"/>&lt;g class="cls-49">&lt;rect class="cls-11" x="191.79" y="12.5" width="12" height="11.52"/>&lt;g class="cls-49">&lt;text class="cls-3" transform="translate(192.87 20.06)">&lt;tspan class="cls-7">K&lt;/tspan>&lt;tspan x="5.77" y="0">8&lt;/tspan>&lt;/text>&lt;/g>&lt;g class="cls-49">&lt;text class="cls-3" transform="translate(202.59 20.06)"> &lt;/text>&lt;/g>&lt;/g>&lt;rect class="cls-24" x="209.43" y="12.5" width="20.88" height="11.52"/>&lt;g class="cls-50">&lt;rect class="cls-24" x="214.59" y="12.5" width="10.56" height="11.52"/>&lt;g class="cls-50">&lt;text class="cls-3" transform="translate(215.67 20.06)">&lt;tspan class="cls-51">P&lt;/tspan>&lt;tspan x="4.45" y="0">1&lt;/tspan>&lt;/text>&lt;/g>&lt;g class="cls-50">&lt;text class="cls-3" transform="translate(224.07 20.06)"> &lt;/text>&lt;/g>&lt;/g>&lt;rect class="cls-24" x="230.79" y="12.5" width="20.76" height="11.52"/>&lt;g class="cls-52">&lt;rect class="cls-24" x="235.95" y="12.5" width="10.44" height="11.52"/>&lt;g class="cls-52">&lt;text class="cls-53" transform="translate(237.03 20.06)">P&lt;tspan class="cls-41" x="4.45" y="0">2&lt;/tspan>&lt;/text>&lt;/g>&lt;g class="cls-52">&lt;text class="cls-3" transform="translate(245.43 20.06)"> &lt;/text>&lt;/g>&lt;/g>&lt;rect class="cls-24" x="252.03" y="12.5" width="22.34" height="11.52"/>&lt;g class="cls-54">&lt;rect class="cls-24" x="257.19" y="12.5" width="12.02" height="11.52"/>&lt;g class="cls-54">&lt;text class="cls-53" transform="translate(258.99 20.06)">P&lt;tspan class="cls-41" x="4.45" y="0">3&lt;/tspan>&lt;/text>&lt;/g>&lt;g class="cls-54">&lt;text class="cls-3" transform="translate(267.41 20.06)"> &lt;/text>&lt;/g>&lt;/g>&lt;rect class="cls-24" x="274.85" y="12.5" width="22.32" height="11.52"/>&lt;g class="cls-55">&lt;rect class="cls-24" x="280.01" y="12.5" width="12" height="11.52"/>&lt;g class="cls-55">&lt;text class="cls-53" transform="translate(281.81 20.06)">P&lt;tspan class="cls-41" x="4.45" y="0">4&lt;/tspan>&lt;/text>&lt;/g>&lt;g class="cls-55">&lt;text class="cls-3" transform="translate(290.21 20.06)"> &lt;/text>&lt;/g>&lt;/g>&lt;rect class="cls-24" x="297.65" y="12.5" width="22.32" height="11.52"/>&lt;g class="cls-56">&lt;rect class="cls-24" x="302.81" y="12.5" width="12" height="11.52"/>&lt;g class="cls-56">&lt;text class="cls-53" transform="translate(304.61 20.06)">P&lt;tspan class="cls-41" x="4.45" y="0">5&lt;/tspan>&lt;/text>&lt;/g>&lt;g class="cls-56">&lt;text class="cls-3" transform="translate(313.01 20.06)"> &lt;/text>&lt;/g>&lt;/g>&lt;rect class="cls-24" x="320.45" y="12.5" width="22.32" height="11.52"/>&lt;g class="cls-57">&lt;rect class="cls-24" x="325.61" y="12.5" width="12" height="11.52"/>&lt;g class="cls-57">&lt;text class="cls-53" transform="translate(327.41 20.06)">P&lt;tspan class="cls-41" x="4.45" y="0">6&lt;/tspan>&lt;/text>&lt;/g>&lt;g class="cls-57">&lt;text class="cls-3" transform="translate(335.81 20.06)"> &lt;/text>&lt;/g>&lt;/g>&lt;rect class="cls-24" x="343.25" y="12.5" width="22.32" height="11.52"/>&lt;g class="cls-58">&lt;rect class="cls-24" x="348.41" y="12.5" width="12" height="11.52"/>&lt;g class="cls-58">&lt;text class="cls-53" transform="translate(350.21 20.06)">P&lt;tspan class="cls-41" x="4.45" y="0">7&lt;/tspan>&lt;/text>&lt;/g>&lt;g class="cls-58">&lt;text class="cls-3" transform="translate(358.61 20.06)"> &lt;/text>&lt;/g>&lt;/g>&lt;rect class="cls-36" x="366.05" y="12.5" width="22.32" height="11.52"/>&lt;g class="cls-59">&lt;rect class="cls-36" x="371.21" y="12.5" width="12" height="11.52"/>&lt;g class="cls-59">&lt;text class="cls-60" transform="translate(372.29 20.06)">A&lt;tspan class="cls-41" x="5.77" y="0">1&lt;/tspan>&lt;/text>&lt;/g>&lt;g class="cls-59">&lt;text class="cls-3" transform="translate(382.01 20.06)"> &lt;/text>&lt;/g>&lt;/g>&lt;rect class="cls-36" x="388.85" y="12.5" width="22.34" height="11.52"/>&lt;g class="cls-61">&lt;rect class="cls-36" x="394.01" y="12.5" width="12.02" height="11.52"/>&lt;g class="cls-61">&lt;text class="cls-60" transform="translate(395.12 20.06)">A&lt;tspan class="cls-41" x="5.77" y="0">2&lt;/tspan>&lt;/text>&lt;/g>&lt;g class="cls-61">&lt;text class="cls-3" transform="translate(404.84 20.06)"> &lt;/text>&lt;/g>&lt;/g>&lt;rect class="cls-36" x="411.68" y="12.5" width="22.32" height="11.52"/>&lt;g class="cls-62">&lt;rect class="cls-36" x="416.84" y="12.5" width="12" height="11.52"/>&lt;g class="cls-62">&lt;text class="cls-60" transform="translate(417.92 20.06)">A&lt;tspan class="cls-41" x="5.77" y="0">3&lt;/tspan>&lt;/text>&lt;/g>&lt;g class="cls-62">&lt;text class="cls-3" transform="translate(427.64 20.06)"> &lt;/text>&lt;/g>&lt;/g>&lt;rect class="cls-36" x="434.48" y="12.5" width="22.32" height="11.52"/>&lt;g class="cls-63">&lt;rect class="cls-36" x="439.64" y="12.5" width="12" height="11.52"/>&lt;g class="cls-63">&lt;text class="cls-60" transform="translate(440.72 20.06)">A&lt;tspan class="cls-41" x="5.77" y="0">4&lt;/tspan>&lt;/text>&lt;/g>&lt;g class="cls-63">&lt;text class="cls-3" transform="translate(450.44 20.06)"> &lt;/text>&lt;/g>&lt;/g>&lt;rect class="cls-36" x="457.28" y="12.5" width="22.32" height="11.52"/>&lt;g class="cls-64">&lt;rect class="cls-36" x="462.44" y="12.5" width="12" height="11.52"/>&lt;g class="cls-64">&lt;text class="cls-60" transform="translate(463.52 20.06)">A&lt;tspan class="cls-41" x="5.77" y="0">5&lt;/tspan>&lt;/text>&lt;/g>&lt;g class="cls-64">&lt;text class="cls-3" transform="translate(473.24 20.06)"> &lt;/text>&lt;/g>&lt;/g>&lt;rect y="12.02" width="0.48" height="0.48"/>&lt;rect x="27.24" y="12.02" width="0.48" height="0.48"/>&lt;rect x="27.72" y="12.02" width="21.36" height="0.48"/>&lt;rect x="49.08" y="12.02" width="0.48" height="0.48"/>&lt;rect x="49.56" y="12.02" width="22.44" height="0.48"/>&lt;rect x="72" y="12.02" width="0.48" height="0.48"/>&lt;rect x="72.48" y="12.02" width="22.32" height="0.48"/>&lt;rect x="94.8" y="12.02" width="0.48" height="0.48"/>&lt;rect x="95.28" y="12.02" width="22.44" height="0.48"/>&lt;rect x="117.72" y="12.02" width="0.48" height="0.48"/>&lt;rect x="118.2" y="12.02" width="22.34" height="0.48"/>&lt;rect x="140.55" y="12.02" width="0.48" height="0.48"/>&lt;rect x="141.03" y="12.02" width="22.32" height="0.48"/>&lt;rect x="163.35" y="12.02" width="0.48" height="0.48"/>&lt;rect x="163.83" y="12.02" width="22.32" height="0.48"/>&lt;rect x="186.15" y="12.02" width="0.48" height="0.48"/>&lt;rect x="186.63" y="12.02" width="22.32" height="0.48"/>&lt;rect x="208.95" y="12.02" width="0.48" height="0.48"/>&lt;rect x="209.43" y="12.02" width="20.88" height="0.48"/>&lt;rect x="230.31" y="12.02" width="0.48" height="0.48"/>&lt;rect x="230.79" y="12.02" width="20.76" height="0.48"/>&lt;rect x="251.55" y="12.02" width="0.48" height="0.48"/>&lt;rect x="252.03" y="12.02" width="22.34" height="0.48"/>&lt;rect x="274.37" y="12.02" width="0.48" height="0.48"/>&lt;rect x="274.85" y="12.02" width="22.32" height="0.48"/>&lt;rect x="297.17" y="12.02" width="0.48" height="0.48"/>&lt;rect x="297.65" y="12.02" width="22.32" height="0.48"/>&lt;rect x="319.97" y="12.02" width="0.48" height="0.48"/>&lt;rect x="320.45" y="12.02" width="22.32" height="0.48"/>&lt;rect x="342.77" y="12.02" width="0.48" height="0.48"/>&lt;rect x="343.25" y="12.02" width="22.32" height="0.48"/>&lt;rect x="365.57" y="12.02" width="0.48" height="0.48"/>&lt;rect x="366.05" y="12.02" width="22.32" height="0.48"/>&lt;rect x="388.37" y="12.02" width="0.48" height="0.48"/>&lt;rect x="388.85" y="12.02" width="22.34" height="0.48"/>&lt;rect x="411.2" y="12.02" width="0.48" height="0.48"/>&lt;rect x="411.68" y="12.02" width="22.32" height="0.48"/>&lt;rect x="434" y="12.02" width="0.48" height="0.48"/>&lt;rect x="434.48" y="12.02" width="22.32" height="0.48"/>&lt;rect x="456.8" y="12.02" width="0.48" height="0.48"/>&lt;rect x="457.28" y="12.02" width="22.32" height="0.48"/>&lt;rect x="479.6" y="12.02" width="0.48" height="0.48"/>&lt;rect y="12.5" width="0.48" height="11.52"/>&lt;rect x="27.24" y="12.5" width="0.48" height="11.52"/>&lt;rect x="49.08" y="12.5" width="0.48" height="11.52"/>&lt;rect x="72" y="12.5" width="0.48" height="11.52"/>&lt;rect x="94.8" y="12.5" width="0.48" height="11.52"/>&lt;rect x="117.72" y="12.5" width="0.48" height="11.52"/>&lt;rect x="140.55" y="12.5" width="0.48" height="11.52"/>&lt;rect x="163.35" y="12.5" width="0.48" height="11.52"/>&lt;rect x="186.15" y="12.5" width="0.48" height="11.52"/>&lt;rect x="208.95" y="12.5" width="0.48" height="11.52"/>&lt;rect x="230.31" y="12.5" width="0.48" height="11.52"/>&lt;rect x="251.55" y="12.5" width="0.48" height="11.52"/>&lt;rect x="274.37" y="12.5" width="0.48" height="11.52"/>&lt;rect x="297.17" y="12.5" width="0.48" height="11.52"/>&lt;rect x="319.97" y="12.5" width="0.48" height="11.52"/>&lt;rect x="342.77" y="12.5" width="0.48" height="11.52"/>&lt;rect x="365.57" y="12.5" width="0.48" height="11.52"/>&lt;rect x="388.37" y="12.5" width="0.48" height="11.52"/>&lt;rect x="411.2" y="12.5" width="0.48" height="11.52"/>&lt;rect x="434" y="12.5" width="0.48" height="11.52"/>&lt;rect x="456.8" y="12.5" width="0.48" height="11.52"/>&lt;rect x="479.6" y="12.5" width="0.48" height="11.52"/>&lt;rect class="cls-11" x="27.72" y="24.5" width="21.36" height="79.44"/>&lt;g class="cls-65">&lt;rect class="cls-11" x="34.32" y="24.5" width="8.16" height="79.44"/>&lt;g class="cls-65">&lt;text class="cls-66" transform="translate(40.8 98.3) rotate(-90)">&lt;tspan class="cls-67">S&lt;/tspan>&lt;tspan class="cls-68" x="3.84" y="0">c&lt;/tspan>&lt;tspan x="6.95" y="0">ien&lt;/tspan>&lt;tspan class="cls-69" x="15.46" y="0">c&lt;/tspan>&lt;tspan class="cls-70" x="18.58" y="0">e&lt;/tspan>&lt;/text>&lt;/g>&lt;g class="cls-65">&lt;text class="cls-66" transform="translate(40.8 76.58) rotate(-90)"> &lt;/text>&lt;/g>&lt;/g>&lt;rect class="cls-11" x="49.56" y="24.5" width="22.44" height="79.44"/>&lt;g class="cls-71">&lt;rect class="cls-11" x="55.56" y="24.5" width="10.44" height="79.44"/>&lt;g class="cls-71">&lt;text class="cls-66" transform="translate(62.16 98.3) rotate(-90)">&lt;tspan class="cls-72">M&lt;/tspan>&lt;tspan class="cls-73" x="6.23" y="0">a&lt;/tspan>&lt;tspan x="9.34" y="0">th&lt;/tspan>&lt;/text>&lt;/g>&lt;g class="cls-71">&lt;text class="cls-66" transform="translate(62.16 83.54) rotate(-90)"> &lt;/text>&lt;/g>&lt;/g>&lt;rect class="cls-11" x="72.48" y="24.5" width="22.32" height="79.44"/>&lt;g class="cls-74">&lt;rect class="cls-11" x="78.48" y="24.5" width="10.32" height="79.44"/>&lt;g class="cls-74">&lt;text class="cls-66" transform="translate(85.08 98.3) rotate(-90)">&lt;tspan class="cls-75">E&lt;/tspan>&lt;tspan x="4.2" y="0">ng&lt;/tspan>&lt;tspan class="cls-76" x="11.16" y="0">.&lt;/tspan>&lt;tspan class="cls-77" x="12.96" y="0"> &lt;/tspan>&lt;tspan class="cls-67" x="14.75" y="0">F&lt;/tspan>&lt;tspan class="cls-78" x="18.59" y="0">und&lt;/tspan>&lt;tspan class="cls-73" x="29.03" y="0">a&lt;/tspan>&lt;tspan x="32.14" y="0">me&lt;/tspan>&lt;tspan class="cls-79" x="40.64" y="0">n&lt;/tspan>&lt;tspan class="cls-78" x="44.25" y="0">tals&lt;/tspan>&lt;/text>&lt;/g>&lt;g class="cls-74">&lt;text class="cls-66" transform="translate(85.08 44.3) rotate(-90)"> &lt;/text>&lt;/g>&lt;/g>&lt;rect class="cls-11" x="95.28" y="24.5" width="22.32" height="79.44"/>&lt;g class="cls-80">&lt;rect class="cls-11" x="101.28" y="24.5" width="10.32" height="79.44"/>&lt;g class="cls-80">&lt;text class="cls-66" transform="translate(107.88 98.3) rotate(-90)">&lt;tspan class="cls-75">E&lt;/tspan>&lt;tspan x="4.2" y="0">ng&lt;/tspan>&lt;tspan class="cls-76" x="11.16" y="0">.&lt;/tspan>&lt;tspan class="cls-77" x="12.96" y="0"> &lt;/tspan>&lt;tspan class="cls-67" x="14.75" y="0">S&lt;/tspan>&lt;tspan class="cls-78" x="18.59" y="0">p&lt;/tspan>&lt;tspan class="cls-73" x="22.07" y="0">ec&lt;/tspan>&lt;tspan class="cls-78" x="28.29" y="0">ializ&lt;/tspan>&lt;tspan class="cls-69" x="40.27" y="0">a&lt;/tspan>&lt;tspan x="43.39" y="0">t&lt;/tspan>&lt;tspan class="cls-81" x="45.33" y="0">i&lt;/tspan>&lt;tspan class="cls-82" x="47.24" y="0">o&lt;/tspan>&lt;tspan x="50.82" y="0">n&lt;/tspan>&lt;/text>&lt;/g>&lt;g class="cls-80">&lt;text class="cls-66" transform="translate(107.88 43.82) rotate(-90)"> &lt;/text>&lt;/g>&lt;/g>&lt;rect class="cls-11" x="118.2" y="24.5" width="22.34" height="79.44"/>&lt;g class="cls-83">&lt;rect class="cls-11" x="124.2" y="24.5" width="10.34" height="79.44"/>&lt;g class="cls-83">&lt;text class="cls-66" transform="translate(130.83 98.3) rotate(-90)">D&lt;tspan class="cls-69" x="5.03" y="0">e&lt;/tspan>&lt;tspan class="cls-84" x="8.15" y="0">s&lt;/tspan>&lt;tspan class="cls-78" x="10.9" y="0">ign&lt;/tspan>&lt;/text>&lt;/g>&lt;g class="cls-83">&lt;text class="cls-66" transform="translate(130.83 78.5) rotate(-90)"> &lt;/text>&lt;/g>&lt;/g>&lt;rect class="cls-11" x="141.03" y="24.5" width="22.32" height="79.44"/>&lt;g class="cls-85">&lt;rect class="cls-11" x="147.03" y="24.5" width="10.32" height="79.44"/>&lt;g class="cls-85">&lt;text class="cls-66" transform="translate(153.63 98.3) rotate(-90)">&lt;tspan class="cls-75">T&lt;/tspan>&lt;tspan class="cls-68" x="4.2" y="0">ec&lt;/tspan>&lt;tspan x="10.42" y="0">hnolo&lt;/tspan>&lt;tspan class="cls-86" x="26.28" y="0">g&lt;/tspan>&lt;tspan x="29.85" y="0">y&lt;/tspan>&lt;/text>&lt;/g>&lt;g class="cls-85">&lt;text class="cls-66" transform="translate(153.63 64.82) rotate(-90)"> &lt;/text>&lt;/g>&lt;/g>&lt;rect class="cls-11" x="163.83" y="24.5" width="22.32" height="79.44"/>&lt;g class="cls-87">&lt;rect class="cls-11" x="169.83" y="24.5" width="10.32" height="79.44"/>&lt;g class="cls-87">&lt;text class="cls-66" transform="translate(176.43 98.3) rotate(-90)">&lt;tspan class="cls-67">S&lt;/tspan>&lt;tspan x="3.84" y="0">o&lt;/tspan>&lt;tspan class="cls-68" x="7.32" y="0">c&lt;/tspan>&lt;tspan x="10.43" y="0">iety&lt;/tspan>&lt;/text>&lt;/g>&lt;g class="cls-87">&lt;text class="cls-66" transform="translate(176.43 77.3) rotate(-90)"> &lt;/text>&lt;/g>&lt;/g>&lt;rect class="cls-11" x="186.63" y="24.5" width="22.32" height="79.44"/>&lt;g class="cls-88">&lt;rect class="cls-11" x="192.63" y="24.5" width="10.32" height="79.44"/>&lt;g class="cls-88">&lt;text class="cls-66" transform="translate(199.23 98.3) rotate(-90)">&lt;tspan class="cls-89">R&lt;/tspan>&lt;tspan class="cls-68" x="4.67" y="0">e&lt;/tspan>&lt;tspan class="cls-84" x="7.78" y="0">s&lt;/tspan>&lt;tspan class="cls-68" x="10.53" y="0">ea&lt;/tspan>&lt;tspan class="cls-90" x="16.75" y="0">r&lt;/tspan>&lt;tspan class="cls-73" x="19.03" y="0">c&lt;/tspan>&lt;tspan x="22.14" y="0">h&lt;/tspan>&lt;/text>&lt;/g>&lt;g class="cls-88">&lt;text class="cls-66" transform="translate(199.23 72.62) rotate(-90)"> &lt;/text>&lt;/g>&lt;/g>&lt;rect class="cls-24" x="209.43" y="24.5" width="20.88" height="79.44"/>&lt;g class="cls-91">&lt;rect class="cls-24" x="215.43" y="24.5" width="8.88" height="79.44"/>&lt;g class="cls-91">&lt;text class="cls-92" transform="translate(221.07 98.3) rotate(-90)">Kno&lt;tspan class="cls-93" x="10.33" y="0">w&lt;/tspan>&lt;tspan x="14.64" y="0">ledg&lt;/tspan>&lt;tspan class="cls-94" x="24.97" y="0">e&lt;/tspan>&lt;tspan class="cls-95" x="27.61" y="0"> &lt;/tspan>&lt;tspan x="29.15" y="0">K3&lt;/tspan>&lt;/text>&lt;/g>&lt;g class="cls-91">&lt;text class="cls-92" transform="translate(221.07 61.82) rotate(-90)">-&lt;/text>&lt;/g>&lt;g class="cls-91">&lt;text class="cls-92" transform="translate(221.07 59.78) rotate(-90)">K6&lt;tspan class="cls-96" x="7.33" y="0">,&lt;/tspan>&lt;tspan class="cls-95" x="8.88" y="0"> &lt;/tspan>&lt;tspan x="10.42" y="0">K8&lt;/tspan>&lt;/text>&lt;/g>&lt;g class="cls-91">&lt;text class="cls-92" transform="translate(221.07 42.14) rotate(-90)"> &lt;/text>&lt;/g>&lt;/g>&lt;rect class="cls-24" x="230.79" y="24.5" width="20.76" height="79.44"/>&lt;g class="cls-97">&lt;rect class="cls-24" x="236.79" y="24.5" width="8.76" height="79.44"/>&lt;g class="cls-97">&lt;text class="cls-92" transform="translate(242.43 98.3) rotate(-90)">&lt;tspan class="cls-98">W&lt;/tspan>&lt;tspan x="5.65" y="0">ide&lt;/tspan>&lt;tspan class="cls-99" x="12.98" y="0" xml:space="preserve"> r&lt;/tspan>&lt;tspan class="cls-98" x="16.54" y="0">a&lt;/tspan>&lt;tspan x="19.18" y="0">nging&lt;/tspan>&lt;tspan class="cls-100" x="32.85" y="0">/&lt;/tspan>&lt;tspan class="cls-98" x="34.54" y="0">c&lt;/tspan>&lt;tspan x="37.18" y="0">on&lt;/tspan>&lt;tspan class="cls-101" x="43.18" y="0">f&lt;/tspan>&lt;tspan x="45.21" y="0">l&lt;/tspan>&lt;tspan class="cls-102" x="46.88" y="0">i&lt;/tspan>&lt;tspan class="cls-103" x="48.56" y="0">c&lt;/tspan>&lt;tspan x="51.21" y="0">t&lt;/tspan>&lt;tspan class="cls-102" x="52.87" y="0">i&lt;/tspan>&lt;tspan x="54.56" y="0">ng&lt;/tspan>&lt;/text>&lt;/g>&lt;g class="cls-97">&lt;text class="cls-92" transform="translate(242.43 37.82) rotate(-90)"> &lt;/text>&lt;/g>&lt;/g>&lt;rect class="cls-24" x="252.03" y="24.5" width="22.34" height="79.44"/>&lt;g class="cls-104">&lt;rect class="cls-24" x="258.03" y="24.5" width="10.34" height="79.44"/>&lt;g class="cls-104">&lt;text class="cls-66" transform="translate(264.65 98.3) rotate(-90)">No&lt;tspan class="cls-105" x="8.51" y="0"> &lt;/tspan>&lt;tspan x="10.31" y="0">obviou&lt;/tspan>&lt;tspan class="cls-73" x="29.64" y="0">s&lt;/tspan>&lt;tspan class="cls-106" x="32.37" y="0"> &lt;/tspan>&lt;tspan class="cls-107" x="34.16" y="0">s&lt;/tspan>&lt;tspan class="cls-108" x="36.91" y="0">olu&lt;/tspan>&lt;tspan class="cls-81" x="45.8" y="0">t&lt;/tspan>&lt;tspan x="47.72" y="0">ion&lt;/tspan>&lt;/text>&lt;/g>&lt;g class="cls-104">&lt;text class="cls-66" transform="translate(264.65 41.54) rotate(-90)"> &lt;/text>&lt;/g>&lt;/g>&lt;rect class="cls-24" x="274.85" y="24.5" width="22.32" height="79.44"/>&lt;g class="cls-109">&lt;rect class="cls-24" x="280.85" y="24.5" width="10.32" height="79.44"/>&lt;g class="cls-109">&lt;text class="cls-66" transform="translate(287.45 98.3) rotate(-90)">&lt;tspan class="cls-110">I&lt;/tspan>&lt;tspan class="cls-108" x="2.28" y="0">n&lt;/tspan>&lt;tspan class="cls-110" x="5.76" y="0">fr&lt;/tspan>&lt;tspan class="cls-111" x="10.33" y="0">e&lt;/tspan>&lt;tspan class="cls-108" x="13.56" y="0">qu&lt;/tspan>&lt;tspan class="cls-73" x="20.52" y="0">e&lt;/tspan>&lt;tspan x="23.63" y="0">nt&lt;/tspan>&lt;tspan class="cls-112" x="29.05" y="0"> &lt;/tspan>&lt;tspan class="cls-110" x="30.82" y="0">I&lt;/tspan>&lt;tspan class="cls-107" x="33.1" y="0">ss&lt;/tspan>&lt;tspan class="cls-108" x="38.6" y="0">u&lt;/tspan>&lt;tspan class="cls-113" x="42.08" y="0">e&lt;/tspan>&lt;tspan class="cls-108" x="45.19" y="0">s&lt;/tspan>&lt;/text>&lt;/g>&lt;g class="cls-109">&lt;text class="cls-66" transform="translate(287.45 50.3) rotate(-90)"> &lt;/text>&lt;/g>&lt;/g>&lt;rect class="cls-24" x="297.65" y="24.5" width="22.32" height="79.44"/>&lt;g class="cls-114">&lt;rect class="cls-24" x="303.65" y="24.5" width="10.32" height="79.44"/>&lt;g class="cls-114">&lt;text class="cls-66" transform="translate(310.25 98.3) rotate(-90)">Out&lt;tspan class="cls-107" x="10.44" y="0">s&lt;/tspan>&lt;tspan x="13.19" y="0">ide&lt;/tspan>&lt;tspan class="cls-105" x="21.69" y="0"> &lt;/tspan>&lt;tspan class="cls-108" x="23.5" y="0">p&lt;/tspan>&lt;tspan class="cls-110" x="26.98" y="0">r&lt;/tspan>&lt;tspan class="cls-108" x="29.26" y="0">oblems&lt;/tspan>&lt;/text>&lt;/g>&lt;g class="cls-114">&lt;text class="cls-66" transform="translate(310.25 48.74) rotate(-90)"> &lt;/text>&lt;/g>&lt;/g>&lt;rect class="cls-24" x="320.45" y="24.5" width="22.32" height="79.44"/>&lt;g class="cls-115">&lt;rect class="cls-24" x="326.45" y="24.5" width="10.32" height="79.44"/>&lt;g class="cls-115">&lt;text class="cls-66" transform="translate(333.05 98.3) rotate(-90)">Div&lt;tspan class="cls-73" x="10.44" y="0">e&lt;/tspan>&lt;tspan class="cls-110" x="13.55" y="0">r&lt;/tspan>&lt;tspan class="cls-107" x="15.83" y="0">s&lt;/tspan>&lt;tspan class="cls-113" x="18.58" y="0">e&lt;/tspan>&lt;tspan class="cls-106" x="21.69" y="0"> &lt;/tspan>&lt;tspan class="cls-108" x="23.48" y="0">g&lt;/tspan>&lt;tspan class="cls-110" x="26.96" y="0">r&lt;/tspan>&lt;tspan class="cls-108" x="29.25" y="0">oups&lt;/tspan>&lt;/text>&lt;/g>&lt;g class="cls-115">&lt;text class="cls-66" transform="translate(333.05 55.7) rotate(-90)"> &lt;/text>&lt;/g>&lt;/g>&lt;rect class="cls-24" x="343.25" y="24.5" width="22.32" height="79.44"/>&lt;g class="cls-116">&lt;rect class="cls-24" x="349.25" y="24.5" width="10.32" height="79.44"/>&lt;g class="cls-116">&lt;text class="cls-66" transform="translate(355.85 98.3) rotate(-90)">&lt;tspan class="cls-72">M&lt;/tspan>&lt;tspan class="cls-113" x="6.23" y="0">a&lt;/tspan>&lt;tspan class="cls-108" x="9.34" y="0">ny&lt;/tspan>&lt;tspan class="cls-117" x="16.3" y="0"> &lt;/tspan>&lt;tspan class="cls-113" x="18.1" y="0">c&lt;/tspan>&lt;tspan x="21.21" y="0">omponents&lt;/tspan>&lt;/text>&lt;/g>&lt;g class="cls-116">&lt;text class="cls-66" transform="translate(355.85 46.34) rotate(-90)"> &lt;/text>&lt;/g>&lt;/g>&lt;rect class="cls-36" x="366.05" y="24.5" width="113.54" height="10.08"/>&lt;g class="cls-118">&lt;rect class="cls-36" x="371.21" y="24.5" width="103.22" height="10.08"/>&lt;g class="cls-118">&lt;text class="cls-66" transform="translate(399.68 30.98)">&lt;tspan class="cls-112">R&lt;/tspan>&lt;tspan class="cls-113" x="4.67" y="0">e&lt;/tspan>&lt;tspan x="7.78" y="0">lat&lt;/tspan>&lt;tspan class="cls-113" x="14.74" y="0">e&lt;/tspan>&lt;tspan x="17.85" y="0">d&lt;/tspan>&lt;tspan class="cls-117" x="21.33" y="0"> &lt;/tspan>&lt;tspan x="23.12" y="0">to&lt;/tspan>&lt;tspan class="cls-119" x="28.54" y="0"> &lt;/tspan>&lt;tspan class="cls-120" x="30.31" y="0">P&lt;/tspan>&lt;tspan x="34.15" y="0">O10&lt;/tspan>&lt;/text>&lt;/g>&lt;g class="cls-118">&lt;text class="cls-66" transform="translate(446 30.98)"> &lt;/text>&lt;/g>&lt;/g>&lt;rect y="24.02" width="0.48" height="0.48"/>&lt;rect x="27.24" y="24.02" width="0.48" height="0.48"/>&lt;rect x="27.72" y="24.02" width="21.36" height="0.48"/>&lt;rect x="49.08" y="24.02" width="0.48" height="0.48"/>&lt;rect x="49.56" y="24.02" width="22.44" height="0.48"/>&lt;rect x="72" y="24.02" width="0.48" height="0.48"/>&lt;rect x="72.48" y="24.02" width="22.32" height="0.48"/>&lt;rect x="94.8" y="24.02" width="0.48" height="0.48"/>&lt;rect x="95.28" y="24.02" width="22.44" height="0.48"/>&lt;rect x="117.72" y="24.02" width="0.48" height="0.48"/>&lt;rect x="118.2" y="24.02" width="22.34" height="0.48"/>&lt;rect x="140.55" y="24.02" width="0.48" height="0.48"/>&lt;rect x="141.03" y="24.02" width="22.32" height="0.48"/>&lt;rect x="163.35" y="24.02" width="0.48" height="0.48"/>&lt;rect x="163.83" y="24.02" width="22.32" height="0.48"/>&lt;rect x="186.15" y="24.02" width="0.48" height="0.48"/>&lt;rect x="186.63" y="24.02" width="22.32" height="0.48"/>&lt;rect x="208.95" y="24.02" width="0.48" height="0.48"/>&lt;rect x="209.43" y="24.02" width="20.88" height="0.48"/>&lt;rect x="230.31" y="24.02" width="0.48" height="0.48"/>&lt;rect x="230.79" y="24.02" width="20.76" height="0.48"/>&lt;rect x="251.55" y="24.02" width="0.48" height="0.48"/>&lt;rect x="252.03" y="24.02" width="22.34" height="0.48"/>&lt;rect x="274.37" y="24.02" width="0.48" height="0.48"/>&lt;rect x="274.85" y="24.02" width="22.32" height="0.48"/>&lt;rect x="297.17" y="24.02" width="0.48" height="0.48"/>&lt;rect x="297.65" y="24.02" width="22.32" height="0.48"/>&lt;rect x="319.97" y="24.02" width="0.48" height="0.48"/>&lt;rect x="320.45" y="24.02" width="22.32" height="0.48"/>&lt;rect x="342.77" y="24.02" width="0.48" height="0.48"/>&lt;rect x="343.25" y="24.02" width="22.32" height="0.48"/>&lt;rect x="365.57" y="24.02" width="0.48" height="0.48"/>&lt;rect x="366.05" y="24.02" width="22.32" height="0.48"/>&lt;rect x="388.37" y="24.02" width="0.48" height="0.48"/>&lt;rect x="388.85" y="24.02" width="22.34" height="0.48"/>&lt;rect x="411.2" y="24.02" width="0.48" height="0.48"/>&lt;rect x="411.68" y="24.02" width="22.32" height="0.48"/>&lt;rect x="434" y="24.02" width="0.48" height="0.48"/>&lt;rect x="434.48" y="24.02" width="22.32" height="0.48"/>&lt;rect x="456.8" y="24.02" width="0.48" height="0.48"/>&lt;rect x="457.28" y="24.02" width="22.32" height="0.48"/>&lt;rect x="479.6" y="24.02" width="0.48" height="0.48"/>&lt;rect y="24.5" width="0.48" height="10.08"/>&lt;rect x="27.24" y="24.5" width="0.48" height="10.08"/>&lt;rect x="49.08" y="24.5" width="0.48" height="10.08"/>&lt;rect x="72" y="24.5" width="0.48" height="10.08"/>&lt;rect x="94.8" y="24.5" width="0.48" height="10.08"/>&lt;rect x="117.72" y="24.5" width="0.48" height="10.08"/>&lt;rect x="140.55" y="24.5" width="0.48" height="10.08"/>&lt;rect x="163.35" y="24.5" width="0.48" height="10.08"/>&lt;rect x="186.15" y="24.5" width="0.48" height="10.08"/>&lt;rect x="208.95" y="24.5" width="0.48" height="10.08"/>&lt;rect x="230.31" y="24.5" width="0.48" height="10.08"/>&lt;rect x="251.55" y="24.5" width="0.48" height="10.08"/>&lt;rect x="274.37" y="24.5" width="0.48" height="10.08"/>&lt;rect x="297.17" y="24.5" width="0.48" height="10.08"/>&lt;rect x="319.97" y="24.5" width="0.48" height="10.08"/>&lt;rect x="342.77" y="24.5" width="0.48" height="10.08"/>&lt;rect x="365.57" y="24.5" width="0.48" height="10.08"/>&lt;rect x="479.6" y="24.5" width="0.48" height="10.08"/>&lt;rect class="cls-36" x="366.05" y="35.06" width="22.32" height="68.88"/>&lt;g class="cls-121">&lt;rect class="cls-36" x="372.05" y="35.06" width="10.32" height="68.88"/>&lt;g class="cls-121">&lt;text class="cls-66" transform="translate(378.65 98.3) rotate(-90)">&lt;tspan class="cls-112">R&lt;/tspan>&lt;tspan class="cls-113" x="4.67" y="0">a&lt;/tspan>&lt;tspan class="cls-108" x="7.78" y="0">ng&lt;/tspan>&lt;tspan class="cls-113" x="14.74" y="0">e&lt;/tspan>&lt;tspan class="cls-122" x="17.85" y="0"> &lt;/tspan>&lt;tspan x="19.64" y="0">o&lt;/tspan>&lt;tspan class="cls-123" x="23.12" y="0">f&lt;/tspan>&lt;tspan class="cls-76" x="25.4" y="0"> &lt;/tspan>&lt;tspan class="cls-110" x="27.2" y="0">r&lt;/tspan>&lt;tspan class="cls-113" x="29.48" y="0">e&lt;/tspan>&lt;tspan class="cls-107" x="32.59" y="0">s&lt;/tspan>&lt;tspan x="35.34" y="0">ou&lt;/tspan>&lt;tspan class="cls-110" x="42.3" y="0">r&lt;/tspan>&lt;tspan class="cls-73" x="44.58" y="0">ce&lt;/tspan>&lt;tspan x="50.8" y="0">s&lt;/tspan>&lt;/text>&lt;/g>&lt;g class="cls-121">&lt;text class="cls-66" transform="translate(378.65 44.66) rotate(-90)"> &lt;/text>&lt;/g>&lt;/g>&lt;rect class="cls-36" x="388.85" y="35.06" width="22.34" height="68.88"/>&lt;g class="cls-124">&lt;rect class="cls-36" x="394.88" y="35.06" width="10.32" height="68.88"/>&lt;g class="cls-124">&lt;text class="cls-66" transform="translate(401.48 98.3) rotate(-90)">&lt;tspan class="cls-125">L&lt;/tspan>&lt;tspan class="cls-73" x="4.2" y="0">e&lt;/tspan>&lt;tspan x="7.31" y="0">v&lt;/tspan>&lt;tspan class="cls-73" x="10.79" y="0">e&lt;/tspan>&lt;tspan class="cls-126" x="13.9" y="0">l&lt;/tspan>&lt;tspan class="cls-119" x="15.84" y="0"> &lt;/tspan>&lt;tspan x="17.61" y="0">o&lt;/tspan>&lt;tspan class="cls-123" x="21.09" y="0">f&lt;/tspan>&lt;tspan class="cls-106" x="23.37" y="0"> &lt;/tspan>&lt;tspan class="cls-110" x="25.16" y="0">I&lt;/tspan>&lt;tspan class="cls-108" x="27.45" y="0">nt&lt;/tspan>&lt;tspan class="cls-127" x="32.86" y="0">e&lt;/tspan>&lt;tspan class="cls-110" x="36.07" y="0">r&lt;/tspan>&lt;tspan class="cls-73" x="38.36" y="0">ac&lt;/tspan>&lt;tspan x="44.58" y="0">t&lt;/tspan>&lt;tspan class="cls-81" x="46.51" y="0">i&lt;/tspan>&lt;tspan class="cls-108" x="48.42" y="0">on&lt;/tspan>&lt;/text>&lt;/g>&lt;g class="cls-124">&lt;text class="cls-66" transform="translate(401.48 42.74) rotate(-90)"> &lt;/text>&lt;/g>&lt;/g>&lt;rect class="cls-36" x="411.68" y="35.06" width="22.32" height="68.88"/>&lt;g class="cls-128">&lt;rect class="cls-36" x="417.68" y="35.06" width="10.32" height="68.88"/>&lt;g class="cls-128">&lt;text class="cls-66" transform="translate(424.28 98.3) rotate(-90)">&lt;tspan class="cls-110">I&lt;/tspan>&lt;tspan class="cls-108" x="2.28" y="0">nnov&lt;/tspan>&lt;tspan class="cls-73" x="16.2" y="0">a&lt;/tspan>&lt;tspan class="cls-126" x="19.31" y="0">t&lt;/tspan>&lt;tspan class="cls-129" x="21.25" y="0">i&lt;/tspan>&lt;tspan x="23.26" y="0">on&lt;/tspan>&lt;/text>&lt;/g>&lt;g class="cls-128">&lt;text class="cls-66" transform="translate(424.28 67.94) rotate(-90)"> &lt;/text>&lt;/g>&lt;/g>&lt;rect class="cls-36" x="434.48" y="35.06" width="22.32" height="68.88"/>&lt;g class="cls-130">&lt;rect class="cls-36" x="440.48" y="35.06" width="10.32" height="68.88"/>&lt;g class="cls-130">&lt;text class="cls-66" transform="translate(447.08 98.3) rotate(-90)">&lt;tspan class="cls-112">C&lt;/tspan>&lt;tspan x="4.67" y="0">on&lt;/tspan>&lt;tspan class="cls-72" x="11.63" y="0">s&lt;/tspan>&lt;tspan class="cls-73" x="14.38" y="0">e&lt;/tspan>&lt;tspan x="17.49" y="0">qu&lt;/tspan>&lt;tspan class="cls-113" x="24.45" y="0">e&lt;/tspan>&lt;tspan class="cls-108" x="27.56" y="0">n&lt;/tspan>&lt;tspan class="cls-113" x="31.04" y="0">ce&lt;/tspan>&lt;tspan class="cls-108" x="37.26" y="0">s&lt;/tspan>&lt;/text>&lt;/g>&lt;g class="cls-130">&lt;text class="cls-66" transform="translate(447.08 58.22) rotate(-90)"> &lt;/text>&lt;/g>&lt;/g>&lt;rect class="cls-36" x="457.28" y="35.06" width="22.32" height="68.88"/>&lt;g class="cls-131">&lt;rect class="cls-36" x="463.28" y="35.06" width="10.32" height="68.88"/>&lt;g class="cls-131">&lt;text class="cls-66" transform="translate(469.88 98.3) rotate(-90)">&lt;tspan class="cls-132">F&lt;/tspan>&lt;tspan class="cls-113" x="3.84" y="0">a&lt;/tspan>&lt;tspan x="6.95" y="0">m&lt;/tspan>&lt;tspan class="cls-133" x="12.37" y="0">i&lt;/tspan>&lt;tspan x="14.28" y="0">l&lt;/tspan>&lt;tspan class="cls-81" x="16.21" y="0">i&lt;/tspan>&lt;tspan class="cls-111" x="18.13" y="0">a&lt;/tspan>&lt;tspan class="cls-110" x="21.36" y="0">r&lt;/tspan>&lt;tspan x="23.64" y="0">i&lt;/tspan>&lt;tspan class="cls-81" x="25.58" y="0">t&lt;/tspan>&lt;tspan class="cls-108" x="27.49" y="0">y&lt;/tspan>&lt;/text>&lt;/g>&lt;g class="cls-131">&lt;text class="cls-66" transform="translate(469.88 67.22) rotate(-90)"> &lt;/text>&lt;/g>&lt;/g>&lt;rect y="34.58" width="0.48" height="0.48"/>&lt;rect x="27.24" y="34.58" width="0.48" height="0.48"/>&lt;rect x="49.08" y="34.58" width="0.48" height="0.48"/>&lt;rect x="72" y="34.58" width="0.48" height="0.48"/>&lt;rect x="94.8" y="34.58" width="0.48" height="0.48"/>&lt;rect x="117.72" y="34.58" width="0.48" height="0.48"/>&lt;rect x="140.55" y="34.58" width="0.48" height="0.48"/>&lt;rect x="163.35" y="34.58" width="0.48" height="0.48"/>&lt;rect x="186.15" y="34.58" width="0.48" height="0.48"/>&lt;rect x="208.95" y="34.58" width="0.48" height="0.48"/>&lt;rect x="230.31" y="34.58" width="0.48" height="0.48"/>&lt;rect x="251.55" y="34.58" width="0.48" height="0.48"/>&lt;rect x="274.37" y="34.58" width="0.48" height="0.48"/>&lt;rect x="297.17" y="34.58" width="0.48" height="0.48"/>&lt;rect x="319.97" y="34.58" width="0.48" height="0.48"/>&lt;rect x="342.77" y="34.58" width="0.48" height="0.48"/>&lt;rect x="365.57" y="34.58" width="0.48" height="0.48"/>&lt;rect x="366.05" y="34.58" width="22.32" height="0.48"/>&lt;rect x="388.37" y="34.58" width="0.48" height="0.48"/>&lt;rect x="388.85" y="34.58" width="22.34" height="0.48"/>&lt;rect x="411.2" y="34.58" width="0.48" height="0.48"/>&lt;rect x="411.68" y="34.58" width="22.32" height="0.48"/>&lt;rect x="434" y="34.58" width="0.48" height="0.48"/>&lt;rect x="434.48" y="34.58" width="22.32" height="0.48"/>&lt;rect x="456.8" y="34.58" width="0.48" height="0.48"/>&lt;rect x="457.28" y="34.58" width="22.32" height="0.48"/>&lt;rect x="479.6" y="34.58" width="0.48" height="0.48"/>&lt;rect y="35.06" width="0.48" height="68.88"/>&lt;rect x="27.24" y="35.06" width="0.48" height="68.88"/>&lt;rect x="49.08" y="35.06" width="0.48" height="68.88"/>&lt;rect x="72" y="35.06" width="0.48" height="68.88"/>&lt;rect x="94.8" y="35.06" width="0.48" height="68.88"/>&lt;rect x="117.72" y="35.06" width="0.48" height="68.88"/>&lt;rect x="140.55" y="35.06" width="0.48" height="68.88"/>&lt;rect x="163.35" y="35.06" width="0.48" height="68.88"/>&lt;rect x="186.15" y="35.06" width="0.48" height="68.88"/>&lt;rect x="208.95" y="35.06" width="0.48" height="68.88"/>&lt;rect x="230.31" y="35.06" width="0.48" height="68.88"/>&lt;rect x="251.55" y="35.06" width="0.48" height="68.88"/>&lt;rect x="274.37" y="35.06" width="0.48" height="68.88"/>&lt;rect x="297.17" y="35.06" width="0.48" height="68.88"/>&lt;rect x="319.97" y="35.06" width="0.48" height="68.88"/>&lt;rect x="342.77" y="35.06" width="0.48" height="68.88"/>&lt;rect x="365.57" y="35.06" width="0.48" height="68.88"/>&lt;rect x="388.37" y="35.06" width="0.48" height="68.88"/>&lt;rect x="411.2" y="35.06" width="0.48" height="68.88"/>&lt;rect x="434" y="35.06" width="0.48" height="68.88"/>&lt;rect x="456.8" y="35.06" width="0.48" height="68.88"/>&lt;rect x="479.6" y="35.06" width="0.48" height="68.88"/>&lt;g class="cls-134">&lt;g class="cls-134">&lt;text class="cls-3" transform="translate(5.64 111.98)"> &lt;/text>&lt;/g>&lt;/g>&lt;rect class="cls-11" x="27.72" y="104.42" width="21.36" height="13.32"/>&lt;g class="cls-135">&lt;rect class="cls-11" x="32.88" y="104.42" width="11.04" height="9.12"/>&lt;g class="cls-135">&lt;text class="cls-3" transform="translate(32.88 111.86)"> &lt;/text>&lt;/g>&lt;/g>&lt;rect class="cls-11" x="49.56" y="104.42" width="22.44" height="13.32"/>&lt;g class="cls-136">&lt;rect class="cls-11" x="54.72" y="104.42" width="12.12" height="11.52"/>&lt;g class="cls-136">&lt;text class="cls-3" transform="translate(54.72 111.98)"> &lt;/text>&lt;/g>&lt;/g>&lt;rect class="cls-11" x="72.48" y="104.42" width="22.32" height="13.32"/>&lt;g class="cls-137">&lt;rect class="cls-11" x="77.64" y="104.42" width="12" height="13.32"/>&lt;g class="cls-137">&lt;path d="M149.41,183.94l.12.21a10.36,10.36,0,0,0-2.14,2.06,9.06,9.06,0,0,0-1.41,2.43l-.18.12a2.37,2.37,0,0,0-.38.29,3.28,3.28,0,0,0-.15-.46l-.09-.22a6.41,6.41,0,0,0-.5-1,.66.66,0,0,0-.44-.31.92.92,0,0,1,.55-.29c.22,0,.46.29.72.88l.14.31a11.33,11.33,0,0,1,1.68-2.29A9.64,9.64,0,0,1,149.41,183.94Z" transform="translate(-66.02 -77.04)"/>&lt;/g>&lt;g class="cls-137">&lt;text class="cls-3" transform="translate(83.76 113.06)"> &lt;/text>&lt;/g>&lt;/g>&lt;rect class="cls-11" x="95.28" y="104.42" width="22.32" height="13.32"/>&lt;g class="cls-138">&lt;rect class="cls-11" x="100.44" y="104.42" width="12.12" height="13.32"/>&lt;g class="cls-138">&lt;path d="M172.21,183.94l.12.21a10.36,10.36,0,0,0-2.14,2.06,9.06,9.06,0,0,0-1.41,2.43l-.18.12a2.37,2.37,0,0,0-.38.29,3.28,3.28,0,0,0-.15-.46l-.09-.22a6.41,6.41,0,0,0-.5-1A.66.66,0,0,0,167,187a.92.92,0,0,1,.55-.29c.22,0,.46.29.72.88l.14.31a11.33,11.33,0,0,1,1.68-2.29A9.64,9.64,0,0,1,172.21,183.94Z" transform="translate(-66.02 -77.04)"/>&lt;/g>&lt;g class="cls-138">&lt;text class="cls-3" transform="translate(106.56 113.06)"> &lt;/text>&lt;/g>&lt;/g>&lt;rect class="cls-11" x="118.2" y="104.42" width="22.34" height="13.32"/>&lt;g class="cls-139">&lt;rect class="cls-11" x="123.24" y="104.42" width="12.14" height="13.32"/>&lt;g class="cls-139">&lt;path d="M195,183.94l.12.21a10.36,10.36,0,0,0-2.14,2.06,9.06,9.06,0,0,0-1.41,2.43l-.18.12a2.37,2.37,0,0,0-.38.29,3.28,3.28,0,0,0-.15-.46l-.09-.22a6.41,6.41,0,0,0-.5-1,.66.66,0,0,0-.44-.31.92.92,0,0,1,.55-.29c.22,0,.46.29.72.88l.14.31a11.33,11.33,0,0,1,1.68-2.29A9.64,9.64,0,0,1,195,183.94Z" transform="translate(-66.02 -77.04)"/>&lt;/g>&lt;g class="cls-139">&lt;text class="cls-3" transform="translate(129.39 113.06)"> &lt;/text>&lt;/g>&lt;/g>&lt;rect class="cls-11" x="141.03" y="104.42" width="22.32" height="13.32"/>&lt;g class="cls-140">&lt;rect class="cls-11" x="146.19" y="104.42" width="12" height="13.32"/>&lt;g class="cls-140">&lt;path d="M218,183.94l.12.21a10.36,10.36,0,0,0-2.14,2.06,9.06,9.06,0,0,0-1.41,2.43l-.18.12a2.37,2.37,0,0,0-.38.29,3.28,3.28,0,0,0-.15-.46l-.09-.22a6.41,6.41,0,0,0-.5-1,.66.66,0,0,0-.44-.31.92.92,0,0,1,.55-.29c.22,0,.46.29.72.88l.14.31a11.33,11.33,0,0,1,1.68-2.29A9.64,9.64,0,0,1,218,183.94Z" transform="translate(-66.02 -77.04)"/>&lt;/g>&lt;g class="cls-140">&lt;text class="cls-3" transform="translate(152.31 113.06)"> &lt;/text>&lt;/g>&lt;/g>&lt;rect class="cls-11" x="163.83" y="104.42" width="22.32" height="13.32"/>&lt;g class="cls-141">&lt;rect class="cls-11" x="168.99" y="104.42" width="12" height="11.52"/>&lt;g class="cls-141">&lt;text class="cls-3" transform="translate(168.99 111.98)"> &lt;/text>&lt;/g>&lt;/g>&lt;rect class="cls-11" x="186.63" y="104.42" width="22.32" height="13.32"/>&lt;g class="cls-142">&lt;rect class="cls-11" x="191.79" y="104.42" width="12" height="11.52"/>&lt;g class="cls-142">&lt;text class="cls-3" transform="translate(191.79 111.98)"> &lt;/text>&lt;/g>&lt;/g>&lt;rect class="cls-24" x="209.43" y="104.42" width="20.88" height="13.32"/>&lt;g class="cls-143">&lt;rect class="cls-24" x="214.59" y="104.42" width="10.56" height="13.32"/>&lt;g class="cls-143">&lt;path d="M286.36,183.94l.12.21a10.36,10.36,0,0,0-2.14,2.06,9.06,9.06,0,0,0-1.41,2.43l-.18.12a2.37,2.37,0,0,0-.38.29,3.28,3.28,0,0,0-.15-.46l-.09-.22a6.41,6.41,0,0,0-.5-1,.66.66,0,0,0-.44-.31.92.92,0,0,1,.55-.29c.22,0,.46.29.72.88l.14.31a11.33,11.33,0,0,1,1.68-2.29A9.64,9.64,0,0,1,286.36,183.94Z" transform="translate(-66.02 -77.04)"/>&lt;/g>&lt;g class="cls-143">&lt;text class="cls-3" transform="translate(220.71 113.06)"> &lt;/text>&lt;/g>&lt;/g>&lt;rect class="cls-24" x="230.79" y="104.42" width="20.76" height="13.32"/>&lt;g class="cls-144">&lt;rect class="cls-24" x="235.95" y="104.42" width="10.44" height="13.32"/>&lt;g class="cls-144">&lt;path d="M307.72,183.94l.12.21a10.36,10.36,0,0,0-2.14,2.06,9.06,9.06,0,0,0-1.41,2.43l-.18.12a2.37,2.37,0,0,0-.38.29,3.28,3.28,0,0,0-.15-.46l-.09-.22a6.41,6.41,0,0,0-.5-1,.66.66,0,0,0-.44-.31.92.92,0,0,1,.55-.29c.22,0,.46.29.72.88l.14.31a11.33,11.33,0,0,1,1.68-2.29A9.64,9.64,0,0,1,307.72,183.94Z" transform="translate(-66.02 -77.04)"/>&lt;/g>&lt;g class="cls-144">&lt;text class="cls-3" transform="translate(242.07 113.06)"> &lt;/text>&lt;/g>&lt;/g>&lt;rect class="cls-24" x="252.03" y="104.42" width="22.34" height="13.32"/>&lt;g class="cls-145">&lt;rect class="cls-24" x="257.19" y="104.42" width="12.02" height="13.32"/>&lt;g class="cls-145">&lt;path d="M329,183.94l.12.21a10.36,10.36,0,0,0-2.14,2.06,9.06,9.06,0,0,0-1.41,2.43l-.18.12a2.37,2.37,0,0,0-.38.29,3.28,3.28,0,0,0-.15-.46l-.09-.22a6.41,6.41,0,0,0-.5-1,.66.66,0,0,0-.44-.31.92.92,0,0,1,.55-.29c.22,0,.46.29.72.88l.14.31a11.33,11.33,0,0,1,1.68-2.29A9.64,9.64,0,0,1,329,183.94Z" transform="translate(-66.02 -77.04)"/>&lt;/g>&lt;g class="cls-145">&lt;text class="cls-3" transform="translate(263.33 113.06)"> &lt;/text>&lt;/g>&lt;/g>&lt;rect class="cls-24" x="274.85" y="104.42" width="22.32" height="13.32"/>&lt;g class="cls-146">&lt;rect class="cls-24" x="280.01" y="104.42" width="12" height="11.52"/>&lt;g class="cls-146">&lt;text class="cls-3" transform="translate(280.01 111.98)"> &lt;/text>&lt;/g>&lt;/g>&lt;rect class="cls-24" x="297.65" y="104.42" width="22.32" height="13.32"/>&lt;g class="cls-147">&lt;rect class="cls-24" x="302.81" y="104.42" width="12" height="11.52"/>&lt;g class="cls-147">&lt;text class="cls-3" transform="translate(302.81 111.98)"> &lt;/text>&lt;/g>&lt;/g>&lt;rect class="cls-24" x="320.45" y="104.42" width="22.32" height="13.32"/>&lt;g class="cls-148">&lt;rect class="cls-24" x="325.61" y="104.42" width="12" height="11.52"/>&lt;g class="cls-148">&lt;text class="cls-3" transform="translate(325.61 111.98)"> &lt;/text>&lt;/g>&lt;/g>&lt;rect class="cls-24" x="343.25" y="104.42" width="22.32" height="13.32"/>&lt;g class="cls-149">&lt;rect class="cls-24" x="348.41" y="104.42" width="12" height="11.52"/>&lt;g class="cls-149">&lt;text class="cls-3" transform="translate(348.41 111.98)"> &lt;/text>&lt;/g>&lt;/g>&lt;rect class="cls-36" x="366.05" y="104.42" width="22.32" height="13.32"/>&lt;g class="cls-150">&lt;rect class="cls-36" x="371.21" y="104.42" width="12" height="11.52"/>&lt;g class="cls-150">&lt;text class="cls-3" transform="translate(371.21 111.98)"> &lt;/text>&lt;/g>&lt;/g>&lt;rect class="cls-36" x="388.85" y="104.42" width="22.34" height="13.32"/>&lt;g class="cls-151">&lt;rect class="cls-36" x="394.01" y="104.42" width="12.02" height="11.52"/>&lt;g class="cls-151">&lt;text class="cls-3" transform="translate(394.01 111.98)"> &lt;/text>&lt;/g>&lt;/g>&lt;rect class="cls-36" x="411.68" y="104.42" width="22.32" height="13.32"/>&lt;g class="cls-152">&lt;rect class="cls-36" x="416.84" y="104.42" width="12" height="13.32"/>&lt;g class="cls-152">&lt;path d="M488.61,183.94l.12.21a10.36,10.36,0,0,0-2.14,2.06,9.06,9.06,0,0,0-1.41,2.43l-.18.12a2.37,2.37,0,0,0-.38.29,3.28,3.28,0,0,0-.15-.46l-.09-.22a6.41,6.41,0,0,0-.5-1,.66.66,0,0,0-.44-.31.92.92,0,0,1,.55-.29c.22,0,.46.29.72.88l.14.31a11.33,11.33,0,0,1,1.68-2.29A9.64,9.64,0,0,1,488.61,183.94Z" transform="translate(-66.02 -77.04)"/>&lt;/g>&lt;g class="cls-152">&lt;text class="cls-3" transform="translate(422.96 113.06)"> &lt;/text>&lt;/g>&lt;/g>&lt;rect class="cls-36" x="434.48" y="104.42" width="22.32" height="13.32"/>&lt;g class="cls-153">&lt;rect class="cls-36" x="439.64" y="104.42" width="12" height="11.52"/>&lt;g class="cls-153">&lt;text class="cls-3" transform="translate(439.64 111.98)"> &lt;/text>&lt;/g>&lt;/g>&lt;rect class="cls-36" x="457.28" y="104.42" width="22.32" height="13.32"/>&lt;g class="cls-154">&lt;rect class="cls-36" x="462.44" y="104.42" width="12" height="11.52"/>&lt;g class="cls-154">&lt;text class="cls-3" transform="translate(462.44 111.98)"> &lt;/text>&lt;/g>&lt;/g>&lt;rect y="103.94" width="0.48" height="0.48"/>&lt;rect x="0.48" y="103.94" width="26.76" height="0.48"/>&lt;rect x="27.24" y="103.94" width="0.48" height="0.48"/>&lt;rect x="27.72" y="103.94" width="21.36" height="0.48"/>&lt;rect x="49.08" y="103.94" width="0.48" height="0.48"/>&lt;rect x="49.56" y="103.94" width="22.44" height="0.48"/>&lt;rect x="72" y="103.94" width="0.48" height="0.48"/>&lt;rect x="72.48" y="103.94" width="22.32" height="0.48"/>&lt;rect x="94.8" y="103.94" width="0.48" height="0.48"/>&lt;rect x="95.28" y="103.94" width="22.44" height="0.48"/>&lt;rect x="117.72" y="103.94" width="0.48" height="0.48"/>&lt;rect x="118.2" y="103.94" width="22.34" height="0.48"/>&lt;rect x="140.55" y="103.94" width="0.48" height="0.48"/>&lt;rect x="141.03" y="103.94" width="22.32" height="0.48"/>&lt;rect x="163.35" y="103.94" width="0.48" height="0.48"/>&lt;rect x="163.83" y="103.94" width="22.32" height="0.48"/>&lt;rect x="186.15" y="103.94" width="0.48" height="0.48"/>&lt;rect x="186.63" y="103.94" width="22.32" height="0.48"/>&lt;rect x="208.95" y="103.94" width="0.48" height="0.48"/>&lt;rect x="209.43" y="103.94" width="20.88" height="0.48"/>&lt;rect x="230.31" y="103.94" width="0.48" height="0.48"/>&lt;rect x="230.79" y="103.94" width="20.76" height="0.48"/>&lt;rect x="251.55" y="103.94" width="0.48" height="0.48"/>&lt;rect x="252.03" y="103.94" width="22.34" height="0.48"/>&lt;rect x="274.37" y="103.94" width="0.48" height="0.48"/>&lt;rect x="274.85" y="103.94" width="22.32" height="0.48"/>&lt;rect x="297.17" y="103.94" width="0.48" height="0.48"/>&lt;rect x="297.65" y="103.94" width="22.32" height="0.48"/>&lt;rect x="319.97" y="103.94" width="0.48" height="0.48"/>&lt;rect x="320.45" y="103.94" width="22.32" height="0.48"/>&lt;rect x="342.77" y="103.94" width="0.48" height="0.48"/>&lt;rect x="343.25" y="103.94" width="22.32" height="0.48"/>&lt;rect x="365.57" y="103.94" width="0.48" height="0.48"/>&lt;rect x="366.05" y="103.94" width="22.32" height="0.48"/>&lt;rect x="388.37" y="103.94" width="0.48" height="0.48"/>&lt;rect x="388.85" y="103.94" width="22.34" height="0.48"/>&lt;rect x="411.2" y="103.94" width="0.48" height="0.48"/>&lt;rect x="411.68" y="103.94" width="22.32" height="0.48"/>&lt;rect x="434" y="103.94" width="0.48" height="0.48"/>&lt;rect x="434.48" y="103.94" width="22.32" height="0.48"/>&lt;rect x="456.8" y="103.94" width="0.48" height="0.48"/>&lt;rect x="457.28" y="103.94" width="22.32" height="0.48"/>&lt;rect x="479.6" y="103.94" width="0.48" height="0.48"/>&lt;rect y="104.42" width="0.48" height="13.32"/>&lt;rect y="117.74" width="0.48" height="0.48"/>&lt;rect y="117.74" width="0.48" height="0.48"/>&lt;rect x="0.48" y="117.74" width="26.76" height="0.48"/>&lt;rect x="27.24" y="104.42" width="0.48" height="13.32"/>&lt;rect x="27.24" y="117.74" width="0.48" height="0.48"/>&lt;rect x="27.72" y="117.74" width="21.36" height="0.48"/>&lt;rect x="49.08" y="104.42" width="0.48" height="13.32"/>&lt;rect x="49.08" y="117.74" width="0.48" height="0.48"/>&lt;rect x="49.56" y="117.74" width="22.44" height="0.48"/>&lt;rect x="72" y="104.42" width="0.48" height="13.32"/>&lt;rect x="72" y="117.74" width="0.48" height="0.48"/>&lt;rect x="72.48" y="117.74" width="22.32" height="0.48"/>&lt;rect x="94.8" y="104.42" width="0.48" height="13.32"/>&lt;rect x="94.8" y="117.74" width="0.48" height="0.48"/>&lt;rect x="95.28" y="117.74" width="22.44" height="0.48"/>&lt;rect x="117.72" y="104.42" width="0.48" height="13.32"/>&lt;rect x="117.72" y="117.74" width="0.48" height="0.48"/>&lt;rect x="118.2" y="117.74" width="22.34" height="0.48"/>&lt;rect x="140.55" y="104.42" width="0.48" height="13.32"/>&lt;rect x="140.55" y="117.74" width="0.48" height="0.48"/>&lt;rect x="141.03" y="117.74" width="22.32" height="0.48"/>&lt;rect x="163.35" y="104.42" width="0.48" height="13.32"/>&lt;rect x="163.35" y="117.74" width="0.48" height="0.48"/>&lt;rect x="163.83" y="117.74" width="22.32" height="0.48"/>&lt;rect x="186.15" y="104.42" width="0.48" height="13.32"/>&lt;rect x="186.15" y="117.74" width="0.48" height="0.48"/>&lt;rect x="186.63" y="117.74" width="22.32" height="0.48"/>&lt;rect x="208.95" y="104.42" width="0.48" height="13.32"/>&lt;rect x="208.95" y="117.74" width="0.48" height="0.48"/>&lt;rect x="209.43" y="117.74" width="20.88" height="0.48"/>&lt;rect x="230.31" y="104.42" width="0.48" height="13.32"/>&lt;rect x="230.31" y="117.74" width="0.48" height="0.48"/>&lt;rect x="230.79" y="117.74" width="20.76" height="0.48"/>&lt;rect x="251.55" y="104.42" width="0.48" height="13.32"/>&lt;rect x="251.55" y="117.74" width="0.48" height="0.48"/>&lt;rect x="252.03" y="117.74" width="22.34" height="0.48"/>&lt;rect x="274.37" y="104.42" width="0.48" height="13.32"/>&lt;rect x="274.37" y="117.74" width="0.48" height="0.48"/>&lt;rect x="274.85" y="117.74" width="22.32" height="0.48"/>&lt;rect x="297.17" y="104.42" width="0.48" height="13.32"/>&lt;rect x="297.17" y="117.74" width="0.48" height="0.48"/>&lt;rect x="297.65" y="117.74" width="22.32" height="0.48"/>&lt;rect x="319.97" y="104.42" width="0.48" height="13.32"/>&lt;rect x="319.97" y="117.74" width="0.48" height="0.48"/>&lt;rect x="320.45" y="117.74" width="22.32" height="0.48"/>&lt;rect x="342.77" y="104.42" width="0.48" height="13.32"/>&lt;rect x="342.77" y="117.74" width="0.48" height="0.48"/>&lt;rect x="343.25" y="117.74" width="22.32" height="0.48"/>&lt;rect x="365.57" y="104.42" width="0.48" height="13.32"/>&lt;rect x="365.57" y="117.74" width="0.48" height="0.48"/>&lt;rect x="366.05" y="117.74" width="22.32" height="0.48"/>&lt;rect x="388.37" y="104.42" width="0.48" height="13.32"/>&lt;rect x="388.37" y="117.74" width="0.48" height="0.48"/>&lt;rect x="388.85" y="117.74" width="22.34" height="0.48"/>&lt;rect x="411.2" y="104.42" width="0.48" height="13.32"/>&lt;rect x="411.2" y="117.74" width="0.48" height="0.48"/>&lt;rect x="411.68" y="117.74" width="22.32" height="0.48"/>&lt;rect x="434" y="104.42" width="0.48" height="13.32"/>&lt;rect x="434" y="117.74" width="0.48" height="0.48"/>&lt;rect x="434.48" y="117.74" width="22.32" height="0.48"/>&lt;rect x="456.8" y="104.42" width="0.48" height="13.32"/>&lt;rect x="456.8" y="117.74" width="0.48" height="0.48"/>&lt;rect x="457.28" y="117.74" width="22.32" height="0.48"/>&lt;rect x="479.6" y="104.42" width="0.48" height="13.32"/>&lt;rect x="479.6" y="117.74" width="0.48" height="0.48"/>&lt;rect x="479.6" y="117.74" width="0.48" height="0.48"/>&lt;/svg>&lt;/p></description></item><item><title>EdX/Coursera Sign Up form 2020</title><link>https://sajid.buet.ac.bd/outreach/blog/20200627-edx/</link><pubDate>Sun, 28 Jun 2020 00:00:00 +0000</pubDate><guid>https://sajid.buet.ac.bd/outreach/blog/20200627-edx/</guid><description>&lt;p>&lt;em>(As I am getting overwhelming number of emails asking questions about EdX, I will simply send the link to this page if any future questions are asked on this topic. I am keeping all the answers to the FAQs in this page. Do feel free to share this information with anyone.)&lt;/em>&lt;/p>
&lt;p>Dear Students,&lt;/p>
&lt;p>I have finished distributing codes to students of all departments. The equal number of codes were distributed to all 984 students who signed up in my Google link. BUET will redistribute any unused codes to other students in first come first serve basis from 20th June 2020. If you had gotten a code from me, please consider filling up the &lt;a href="https://forms.gle/gVH9hzd1hPSUPhz16" target="_blank" rel="noopener">survey form&lt;/a>. Also, I do want to hear from you when you finish a course. Please email me after successful completion of courses.&lt;/p>
&lt;p>I no longer plan to take care of the EdX code distribution, so please redirect any questions to the Dean of Faculty of Architecture (DFA). Any additional code distribution will be done by the DFA at their discretion.&lt;/p>
&lt;p>####Notice from the Deans Committee regarding MOOC:&lt;/p>
&lt;p>&amp;ldquo;BUET Students can avail Massive Open Online Courses ( MOOC) by providers such &lt;a href="https://www.coursera.org/" target="_blank" rel="noopener">COURSERA&lt;/a> and &lt;a href="https://www.edx.org/" target="_blank" rel="noopener">edX&lt;/a> currently provided free access in response to COVID19. This is coordinated by the Faculty Technical Committee (FacT), Faculty of Architecture &amp;amp; Planning, on behalf of the Deans&amp;rsquo; Committee of BUET.
As there are a limited number of access codes available, the opportunity will be given on a first-come, first-served basis.&amp;rdquo;&lt;/p>
&lt;p>&lt;a href="https://docs.google.com/forms/d/1QitGgXBZTQ1mkUQjRNGx6ezA0RjPif2cBoInZq9aAeI" target="_blank" rel="noopener">Link to the New Signup Form&lt;/a>&lt;/p>
&lt;p>####Getting BUET Institutional Email:&lt;/p>
&lt;p>To get an institutional email address, you need to first apply through your BIIS account for an institutional email. Afterwards, you need to email IICT BUET (&lt;a href="mailto:studentsupport@iict.buet.ac.bd">studentsupport@iict.buet.ac.bd&lt;/a>), informing them that you need the email address urgently. CC your academic advisor in the email, and attach a photograph of your BUET student ID card. They should send you a temporary password to your email.&lt;/p>
&lt;p>####Important Resources:&lt;/p>
&lt;ul>
&lt;li>
&lt;p>&lt;a href="https://docs.google.com/spreadsheets/d/10huGunGcPQQpsoJicL8ZDUrBaOKxtA5ODgOPKfsYokM/htmlview?ts=5e98ba6d&amp;amp;pru=AAABcr3nAFc" target="_blank" rel="noopener">List of available courses through the coupon codes&lt;/a>&lt;/p>
&lt;/li>
&lt;li>
&lt;p>&lt;a href="https://docs.google.com/document/d/1HQhK25_E_MsmIIQTO4PJ8zDalmVlBUKvIGx0OVFw4jk/edit?usp=sharing" target="_blank" rel="noopener">Tutorial on how to redeem codes&lt;/a>&lt;/p>
&lt;/li>
&lt;li>
&lt;p>&lt;a href="https://courses.edx.org/support/contact_us" target="_blank" rel="noopener">EdX customer support&lt;/a>&lt;/p>
&lt;/li>
&lt;/ul></description></item><item><title>Online Class Feasibility Survey</title><link>https://sajid.buet.ac.bd/outreach/blog/20200625-online-course/</link><pubDate>Thu, 25 Jun 2020 00:00:00 +0000</pubDate><guid>https://sajid.buet.ac.bd/outreach/blog/20200625-online-course/</guid><description>&lt;iframe src="https://docs.google.com/document/d/e/2PACX-1vTKRauh2PvMgz5vnI0CiVBf6KOZWEOHb-NT-OKTSnq_kjOKakIXH9c7N68oRNKUijKnpi_pPBnXLP0Q/pub?embedded=true" width="100%" height="1300" frameborder="0" marginheight="0" marginwidth="0">Loading… &lt;/iframe></description></item></channel></rss>