<?xml version="1.0" encoding="utf-8" standalone="yes"?><rss version="2.0" xmlns:atom="http://www.w3.org/2005/Atom"><channel><title>Shamima Akter Mitu | Q-PACERS (DSMC-RG)</title><link>https://sajid.buet.ac.bd/author/shamima-akter-mitu/</link><atom:link href="https://sajid.buet.ac.bd/author/shamima-akter-mitu/index.xml" rel="self" type="application/rss+xml"/><description>Shamima Akter Mitu</description><generator>Hugo Blox Builder (https://hugoblox.com)</generator><language>en-us</language><image><url>https://sajid.buet.ac.bd/author/shamima-akter-mitu/avatar_hu_ad55675793bbc693.jpg</url><title>Shamima Akter Mitu</title><link>https://sajid.buet.ac.bd/author/shamima-akter-mitu/</link></image><item><title>Shamima Akter Mitu</title><link>https://sajid.buet.ac.bd/author/shamima-akter-mitu/</link><pubDate>Mon, 01 Jan 0001 00:00:00 +0000</pubDate><guid>https://sajid.buet.ac.bd/author/shamima-akter-mitu/</guid><description/></item></channel></rss>