<?xml version="1.0" encoding="utf-8" standalone="yes"?><rss version="2.0" xmlns:atom="http://www.w3.org/2005/Atom"><channel><title>Md Al Shahriar Shakil | Q-PACERS (DSMC-RG)</title><link>https://sajid.buet.ac.bd/author/md-al-shahriar-shakil/</link><atom:link href="https://sajid.buet.ac.bd/author/md-al-shahriar-shakil/index.xml" rel="self" type="application/rss+xml"/><description>Md Al Shahriar Shakil</description><generator>Hugo Blox Builder (https://hugoblox.com)</generator><language>en-us</language><image><url>https://sajid.buet.ac.bd/author/md-al-shahriar-shakil/avatar_hu_2cf3d1fdaeb2ff26.jpg</url><title>Md Al Shahriar Shakil</title><link>https://sajid.buet.ac.bd/author/md-al-shahriar-shakil/</link></image><item><title>Md Al Shahriar Shakil</title><link>https://sajid.buet.ac.bd/author/md-al-shahriar-shakil/</link><pubDate>Mon, 01 Jan 0001 00:00:00 +0000</pubDate><guid>https://sajid.buet.ac.bd/author/md-al-shahriar-shakil/</guid><description/></item></channel></rss>