<?xml version="1.0" encoding="utf-8" standalone="yes"?><rss version="2.0" xmlns:atom="http://www.w3.org/2005/Atom"><channel><title>Puja Das | Q-PACERS (DSMC-RG)</title><link>https://sajid.buet.ac.bd/author/puja-das/</link><atom:link href="https://sajid.buet.ac.bd/author/puja-das/index.xml" rel="self" type="application/rss+xml"/><description>Puja Das</description><generator>Hugo Blox Builder (https://hugoblox.com)</generator><language>en-us</language><image><url>https://sajid.buet.ac.bd/author/puja-das/avatar_hu_b2546ed08e730bc8.jpg</url><title>Puja Das</title><link>https://sajid.buet.ac.bd/author/puja-das/</link></image><item><title>Puja Das</title><link>https://sajid.buet.ac.bd/author/puja-das/</link><pubDate>Mon, 01 Jan 0001 00:00:00 +0000</pubDate><guid>https://sajid.buet.ac.bd/author/puja-das/</guid><description/></item></channel></rss>