<?xml version="1.0" encoding="utf-8" standalone="yes"?><rss version="2.0" xmlns:atom="http://www.w3.org/2005/Atom"><channel><title>Embedded | Q-PACERS (DSMC-RG)</title><link>https://sajid.buet.ac.bd/tags/embedded/</link><atom:link href="https://sajid.buet.ac.bd/tags/embedded/index.xml" rel="self" type="application/rss+xml"/><description>Embedded</description><generator>Hugo Blox Builder (https://hugoblox.com)</generator><language>en-us</language><lastBuildDate>Mon, 01 Jan 2024 00:00:00 +0000</lastBuildDate><image><url>https://sajid.buet.ac.bd/media/icon_hu_f05efc27037f3153.png</url><title>Embedded</title><link>https://sajid.buet.ac.bd/tags/embedded/</link></image><item><title>Gesture Controlled Bot with Temperature &amp; Humidity (TH) Sensing Features</title><link>https://sajid.buet.ac.bd/publication/c-023/</link><pubDate>Mon, 01 Jan 2024 00:00:00 +0000</pubDate><guid>https://sajid.buet.ac.bd/publication/c-023/</guid><description/></item><item><title>Development of an Internet of Things based Bangla Calendar Clock</title><link>https://sajid.buet.ac.bd/publication/c-020/</link><pubDate>Sun, 01 Jan 2023 00:00:00 +0000</pubDate><guid>https://sajid.buet.ac.bd/publication/c-020/</guid><description/></item><item><title>Self-localization of a mobile robot using monocular vision of a chessboard pattern</title><link>https://sajid.buet.ac.bd/publication/c-012/</link><pubDate>Wed, 01 Jan 2014 00:00:00 +0000</pubDate><guid>https://sajid.buet.ac.bd/publication/c-012/</guid><description/></item></channel></rss>