<?xml version="1.0" encoding="utf-8" standalone="yes"?><rss version="2.0" xmlns:atom="http://www.w3.org/2005/Atom"><channel><title>Photonics | Q-PACERS (DSMC-RG)</title><link>https://sajid.buet.ac.bd/tags/photonics/</link><atom:link href="https://sajid.buet.ac.bd/tags/photonics/index.xml" rel="self" type="application/rss+xml"/><description>Photonics</description><generator>Hugo Blox Builder (https://hugoblox.com)</generator><language>en-us</language><lastBuildDate>Wed, 01 Jan 2025 00:00:00 +0000</lastBuildDate><image><url>https://sajid.buet.ac.bd/media/icon_hu_f05efc27037f3153.png</url><title>Photonics</title><link>https://sajid.buet.ac.bd/tags/photonics/</link></image><item><title>Synergizing deep learning and phase change materials for four-state broadband multifunctional metasurfaces in the visible range</title><link>https://sajid.buet.ac.bd/publication/j-024/</link><pubDate>Wed, 01 Jan 2025 00:00:00 +0000</pubDate><guid>https://sajid.buet.ac.bd/publication/j-024/</guid><description/></item><item><title>Lithium niobate photonic topological insulator-based multi-wavelength optical demultiplexer with piezoelectric switch-off</title><link>https://sajid.buet.ac.bd/publication/j-021/</link><pubDate>Sun, 01 Dec 2024 00:00:00 +0000</pubDate><guid>https://sajid.buet.ac.bd/publication/j-021/</guid><description/></item><item><title>Sb2S3/AlGaAs based Reconfigurable Metasurface for Dynamic Polarization and Directionality Control of Quantum Emitter Emission</title><link>https://sajid.buet.ac.bd/publication/j-020/</link><pubDate>Mon, 01 Jan 2024 00:00:00 +0000</pubDate><guid>https://sajid.buet.ac.bd/publication/j-020/</guid><description/></item><item><title>A Polarization Insensitive Achromatic Metalens Operating at Two Wavelengths in Visible Regime</title><link>https://sajid.buet.ac.bd/publication/c-018/</link><pubDate>Sun, 01 Jan 2023 00:00:00 +0000</pubDate><guid>https://sajid.buet.ac.bd/publication/c-018/</guid><description/></item><item><title>Design and Performance Analysis of a c-Si Thin-Film Solar Cell Using Plasmonic Ag Nanostructures</title><link>https://sajid.buet.ac.bd/publication/c-019/</link><pubDate>Sun, 01 Jan 2023 00:00:00 +0000</pubDate><guid>https://sajid.buet.ac.bd/publication/c-019/</guid><description/></item><item><title>Reconfigurable Broadband Metasurface with Switchable Functionalities in the Visible Range</title><link>https://sajid.buet.ac.bd/publication/j-019/</link><pubDate>Sun, 01 Jan 2023 00:00:00 +0000</pubDate><guid>https://sajid.buet.ac.bd/publication/j-019/</guid><description/></item><item><title>VO2-based All-optical Reflection Modulator for 2μm Wave Band</title><link>https://sajid.buet.ac.bd/publication/c-022/</link><pubDate>Sun, 01 Jan 2023 00:00:00 +0000</pubDate><guid>https://sajid.buet.ac.bd/publication/c-022/</guid><description/></item><item><title>Custom Gold-Patterned Rewritable Optical Disc based Plasmonic Sensor for Blood Hemoglobin Detection</title><link>https://sajid.buet.ac.bd/publication/j-016/</link><pubDate>Sat, 01 Jan 2022 00:00:00 +0000</pubDate><guid>https://sajid.buet.ac.bd/publication/j-016/</guid><description/></item><item><title>TiN-GST-TiN all-optical reflection modulator for the 2μm wave band reaching 85% efficiency</title><link>https://sajid.buet.ac.bd/publication/j-017/</link><pubDate>Sat, 01 Jan 2022 00:00:00 +0000</pubDate><guid>https://sajid.buet.ac.bd/publication/j-017/</guid><description/></item><item><title>A Review on Plasmonic Nano-biosensors for Virus Detection with a Focus on Coronavirus</title><link>https://sajid.buet.ac.bd/publication/j-014/</link><pubDate>Fri, 01 Jan 2021 00:00:00 +0000</pubDate><guid>https://sajid.buet.ac.bd/publication/j-014/</guid><description/></item><item><title>T Grating on Nano-Cavity Array based Refractive Index Sensor</title><link>https://sajid.buet.ac.bd/publication/j-015/</link><pubDate>Fri, 01 Jan 2021 00:00:00 +0000</pubDate><guid>https://sajid.buet.ac.bd/publication/j-015/</guid><description/></item><item><title>Computationally efficient surface conductivity graphene model for tunable graphene-based devices (Conference Presentation)</title><link>https://sajid.buet.ac.bd/publication/c-017/</link><pubDate>Wed, 01 Jan 2020 00:00:00 +0000</pubDate><guid>https://sajid.buet.ac.bd/publication/c-017/</guid><description/></item><item><title>Structurally Tunable Gear-Shaped Plasmonic Sensor</title><link>https://sajid.buet.ac.bd/publication/j-013/</link><pubDate>Wed, 01 Jan 2020 00:00:00 +0000</pubDate><guid>https://sajid.buet.ac.bd/publication/j-013/</guid><description/></item><item><title>Colors with plasmonic nanostructures: A full-spectrum review</title><link>https://sajid.buet.ac.bd/publication/j-009/</link><pubDate>Tue, 01 Jan 2019 00:00:00 +0000</pubDate><guid>https://sajid.buet.ac.bd/publication/j-009/</guid><description/></item><item><title>Enhancing sensitivity to ambient refractive index with tunable few-layer graphene/hBN nanoribbons</title><link>https://sajid.buet.ac.bd/publication/j-010/</link><pubDate>Tue, 01 Jan 2019 00:00:00 +0000</pubDate><guid>https://sajid.buet.ac.bd/publication/j-010/</guid><description/></item><item><title>Modulating Phase by Metasurfaces with Gated Ultra-thin TiN Films</title><link>https://sajid.buet.ac.bd/publication/j-011/</link><pubDate>Tue, 01 Jan 2019 00:00:00 +0000</pubDate><guid>https://sajid.buet.ac.bd/publication/j-011/</guid><description/></item><item><title>Roadmap on metasurfaces</title><link>https://sajid.buet.ac.bd/publication/j-012/</link><pubDate>Tue, 01 Jan 2019 00:00:00 +0000</pubDate><guid>https://sajid.buet.ac.bd/publication/j-012/</guid><description/></item><item><title>System for producing ultra-thin color phase hologram with metasurfaces</title><link>https://sajid.buet.ac.bd/publication/p-01/</link><pubDate>Tue, 24 Apr 2018 00:00:00 +0000</pubDate><guid>https://sajid.buet.ac.bd/publication/p-01/</guid><description/></item><item><title>Bi-anisotropic homogenization for efficient metasurface design (invited)</title><link>https://sajid.buet.ac.bd/publication/c-016/</link><pubDate>Mon, 01 Jan 2018 00:00:00 +0000</pubDate><guid>https://sajid.buet.ac.bd/publication/c-016/</guid><description/></item><item><title>Material platforms for optical metasurfaces</title><link>https://sajid.buet.ac.bd/publication/j-008/</link><pubDate>Mon, 01 Jan 2018 00:00:00 +0000</pubDate><guid>https://sajid.buet.ac.bd/publication/j-008/</guid><description/></item><item><title>Hybrid plasmonic waveguides formed by metal coating of dielectric ridges</title><link>https://sajid.buet.ac.bd/publication/j-006/</link><pubDate>Sun, 01 Jan 2017 00:00:00 +0000</pubDate><guid>https://sajid.buet.ac.bd/publication/j-006/</guid><description/></item><item><title>Novel Hard Mask Fabrication Method for Hybrid Plasmonic Waveguide and Metasurfaces</title><link>https://sajid.buet.ac.bd/publication/c-015/</link><pubDate>Sun, 01 Jan 2017 00:00:00 +0000</pubDate><guid>https://sajid.buet.ac.bd/publication/c-015/</guid><description/></item><item><title>Pancharatnam–Berry Phase Manipulating Metasurface for Visible Color Hologram Based on Low Loss Silver Thin Film</title><link>https://sajid.buet.ac.bd/publication/j-007/</link><pubDate>Sun, 01 Jan 2017 00:00:00 +0000</pubDate><guid>https://sajid.buet.ac.bd/publication/j-007/</guid><description/></item><item><title>Controlling the Polarization State of Light with Plasmonic Metal Oxide Metasurface</title><link>https://sajid.buet.ac.bd/publication/j-005/</link><pubDate>Fri, 01 Jan 2016 00:00:00 +0000</pubDate><guid>https://sajid.buet.ac.bd/publication/j-005/</guid><description/></item><item><title>Experimental Realization of Color Hologram Using Pancharatnam-Berry Phase Manipulating Metasurface</title><link>https://sajid.buet.ac.bd/publication/c-014/</link><pubDate>Fri, 01 Jan 2016 00:00:00 +0000</pubDate><guid>https://sajid.buet.ac.bd/publication/c-014/</guid><description/></item><item><title>Color Hologram Generation Using a Pancharatnam-Berry Phase Manipulating Metasurface</title><link>https://sajid.buet.ac.bd/publication/c-013/</link><pubDate>Thu, 01 Jan 2015 00:00:00 +0000</pubDate><guid>https://sajid.buet.ac.bd/publication/c-013/</guid><description/></item><item><title>GZO/ZnO Multilayered nanodisk metasurface to engineer the plasma frequency</title><link>https://sajid.buet.ac.bd/publication/c-010/</link><pubDate>Wed, 01 Jan 2014 00:00:00 +0000</pubDate><guid>https://sajid.buet.ac.bd/publication/c-010/</guid><description/></item><item><title>Nanostructured Transparent Conducting Oxide Films for Polarization Control with Plasmonic Metasurfaces</title><link>https://sajid.buet.ac.bd/publication/c-011/</link><pubDate>Wed, 01 Jan 2014 00:00:00 +0000</pubDate><guid>https://sajid.buet.ac.bd/publication/c-011/</guid><description/></item></channel></rss>