<?xml version="1.0" encoding="utf-8" standalone="yes"?><rss version="2.0" xmlns:atom="http://www.w3.org/2005/Atom"><channel><title>Antenna | Q-PACERS (DSMC-RG)</title><link>https://sajid.buet.ac.bd/tags/antenna/</link><atom:link href="https://sajid.buet.ac.bd/tags/antenna/index.xml" rel="self" type="application/rss+xml"/><description>Antenna</description><generator>Hugo Blox Builder (https://hugoblox.com)</generator><language>en-us</language><lastBuildDate>Tue, 01 Jan 2013 00:00:00 +0000</lastBuildDate><image><url>https://sajid.buet.ac.bd/media/icon_hu_f05efc27037f3153.png</url><title>Antenna</title><link>https://sajid.buet.ac.bd/tags/antenna/</link></image><item><title>Multiport Analysis of Hexagonal Patch Antenna</title><link>https://sajid.buet.ac.bd/publication/j-004/</link><pubDate>Tue, 01 Jan 2013 00:00:00 +0000</pubDate><guid>https://sajid.buet.ac.bd/publication/j-004/</guid><description/></item><item><title>Effect of FSS ground plane on second iteration of hexaflake fractal patch antenna</title><link>https://sajid.buet.ac.bd/publication/c-009/</link><pubDate>Sun, 01 Jan 2012 00:00:00 +0000</pubDate><guid>https://sajid.buet.ac.bd/publication/c-009/</guid><description/></item><item><title>Approximate Closed-Form Expression of the Electric Field of a Conical Horn Antenna</title><link>https://sajid.buet.ac.bd/publication/j-001/</link><pubDate>Sat, 01 Jan 2011 00:00:00 +0000</pubDate><guid>https://sajid.buet.ac.bd/publication/j-001/</guid><description/></item><item><title>Design and optimisation of a novel dual-band circularly polarised microstrip antenna</title><link>https://sajid.buet.ac.bd/publication/j-002/</link><pubDate>Sat, 01 Jan 2011 00:00:00 +0000</pubDate><guid>https://sajid.buet.ac.bd/publication/j-002/</guid><description/></item><item><title>Phased Array Synthesis Using Modified Particle Swarm Optimization</title><link>https://sajid.buet.ac.bd/publication/j-003/</link><pubDate>Sat, 01 Jan 2011 00:00:00 +0000</pubDate><guid>https://sajid.buet.ac.bd/publication/j-003/</guid><description/></item><item><title>A Novel Approach for Changing Bandwidth of FSS Filter Using Gradual Circumferential Variation of Loaded Elements</title><link>https://sajid.buet.ac.bd/publication/c-004/</link><pubDate>Fri, 01 Jan 2010 00:00:00 +0000</pubDate><guid>https://sajid.buet.ac.bd/publication/c-004/</guid><description/></item><item><title>Design of an X band aperture matched horn antenna by optimization of back-lobe and cross-polarization level</title><link>https://sajid.buet.ac.bd/publication/c-005/</link><pubDate>Fri, 01 Jan 2010 00:00:00 +0000</pubDate><guid>https://sajid.buet.ac.bd/publication/c-005/</guid><description/></item><item><title>Optimization and analysis of a Ka band Pickett Potter horn antenna with low cross polarization</title><link>https://sajid.buet.ac.bd/publication/c-006/</link><pubDate>Fri, 01 Jan 2010 00:00:00 +0000</pubDate><guid>https://sajid.buet.ac.bd/publication/c-006/</guid><description/></item><item><title>Sensitivity analysis of a circularly polarized U-slot microstrip antenna</title><link>https://sajid.buet.ac.bd/publication/c-007/</link><pubDate>Fri, 01 Jan 2010 00:00:00 +0000</pubDate><guid>https://sajid.buet.ac.bd/publication/c-007/</guid><description/></item><item><title>Analysis of a conical corrugated horn operating in the K-band with low cross-polarization and high aperture efficiency, and observing its radiation patterns</title><link>https://sajid.buet.ac.bd/publication/c-002/</link><pubDate>Thu, 01 Jan 2009 00:00:00 +0000</pubDate><guid>https://sajid.buet.ac.bd/publication/c-002/</guid><description/></item><item><title>Modeling the illumination function of a cassegrain reflector for a corrugated horn feed and calculation of the far field pattern</title><link>https://sajid.buet.ac.bd/publication/c-003/</link><pubDate>Thu, 01 Jan 2009 00:00:00 +0000</pubDate><guid>https://sajid.buet.ac.bd/publication/c-003/</guid><description/></item></channel></rss>