<?xml version="1.0" encoding="utf-8" standalone="yes"?><rss version="2.0" xmlns:atom="http://www.w3.org/2005/Atom"><channel><title>Quantum | Q-PACERS (DSMC-RG)</title><link>https://sajid.buet.ac.bd/tags/quantum/</link><atom:link href="https://sajid.buet.ac.bd/tags/quantum/index.xml" rel="self" type="application/rss+xml"/><description>Quantum</description><generator>Hugo Blox Builder (https://hugoblox.com)</generator><language>en-us</language><lastBuildDate>Mon, 01 Jan 2024 00:00:00 +0000</lastBuildDate><image><url>https://sajid.buet.ac.bd/media/icon_hu_f05efc27037f3153.png</url><title>Quantum</title><link>https://sajid.buet.ac.bd/tags/quantum/</link></image><item><title>Sb2S3/AlGaAs based Reconfigurable Metasurface for Dynamic Polarization and Directionality Control of Quantum Emitter Emission</title><link>https://sajid.buet.ac.bd/publication/j-020/</link><pubDate>Mon, 01 Jan 2024 00:00:00 +0000</pubDate><guid>https://sajid.buet.ac.bd/publication/j-020/</guid><description/></item><item><title>Discrete Modulated Continuous-Variable Quantum Key Distribution: Security and Noise Tolerance Enhanced by Decoy States and Effective Error Correction Protocol Integration</title><link>https://sajid.buet.ac.bd/publication/c-021/</link><pubDate>Sun, 01 Jan 2023 00:00:00 +0000</pubDate><guid>https://sajid.buet.ac.bd/publication/c-021/</guid><description/></item></channel></rss>