<?xml version="1.0" encoding="utf-8" standalone="yes"?><rss version="2.0" xmlns:atom="http://www.w3.org/2005/Atom"><channel><title>Sergey I. Bozhevolnyi | Q-PACERS (DSMC-RG)</title><link>https://sajid.buet.ac.bd/author/Sergey-I.-Bozhevolnyi/</link><atom:link href="https://sajid.buet.ac.bd/author/Sergey-I.-Bozhevolnyi/index.xml" rel="self" type="application/rss+xml"/><description>Sergey I. Bozhevolnyi</description><generator>Hugo Blox Builder (https://hugoblox.com)</generator><language>en-us</language><lastBuildDate>Sun, 01 Jan 2017 00:00:00 +0000</lastBuildDate><image><url>https://sajid.buet.ac.bd/media/icon_hu_f05efc27037f3153.png</url><title>Sergey I. Bozhevolnyi</title><link>https://sajid.buet.ac.bd/author/Sergey-I.-Bozhevolnyi/</link></image><item><title>Hybrid plasmonic waveguides formed by metal coating of dielectric ridges</title><link>https://sajid.buet.ac.bd/bn/publication/j-006/</link><pubDate>Sun, 01 Jan 2017 00:00:00 +0000</pubDate><guid>https://sajid.buet.ac.bd/bn/publication/j-006/</guid><description/></item><item><title>Hybrid plasmonic waveguides formed by metal coating of dielectric ridges</title><link>https://sajid.buet.ac.bd/publication/j-006/</link><pubDate>Sun, 01 Jan 2017 00:00:00 +0000</pubDate><guid>https://sajid.buet.ac.bd/publication/j-006/</guid><description/></item></channel></rss>