<?xml version="1.0" encoding="utf-8" standalone="yes"?><rss version="2.0" xmlns:atom="http://www.w3.org/2005/Atom"><channel><title>Md. Asif Hossain Bhuiyan | Q-PACERS / কিউ-প্যাকার্স</title><link>https://sajid.buet.ac.bd/bn/author/Md.-Asif-Hossain-Bhuiyan/</link><atom:link href="https://sajid.buet.ac.bd/bn/author/Md.-Asif-Hossain-Bhuiyan/index.xml" rel="self" type="application/rss+xml"/><description>Md. Asif Hossain Bhuiyan</description><generator>Hugo Blox Builder (https://hugoblox.com)</generator><language>bn</language><lastBuildDate>Sun, 01 Dec 2024 00:00:00 +0000</lastBuildDate><image><url>https://sajid.buet.ac.bd/media/icon_hu_f05efc27037f3153.png</url><title>Md. Asif Hossain Bhuiyan</title><link>https://sajid.buet.ac.bd/bn/author/Md.-Asif-Hossain-Bhuiyan/</link></image><item><title>Polarization insensitive electrically reconfigurable meta-lens for the 2 μm wavelength</title><link>https://sajid.buet.ac.bd/bn/publication/j-022/</link><pubDate>Sun, 01 Dec 2024 00:00:00 +0000</pubDate><guid>https://sajid.buet.ac.bd/bn/publication/j-022/</guid><description/></item></channel></rss>