<?xml version="1.0" encoding="utf-8" standalone="yes"?><rss version="2.0" xmlns:atom="http://www.w3.org/2005/Atom"><channel><title>Md. Mahfuzul Haque | Q-PACERS / কিউ-প্যাকার্স</title><link>https://sajid.buet.ac.bd/bn/author/Md.-Mahfuzul-Haque/</link><atom:link href="https://sajid.buet.ac.bd/bn/author/Md.-Mahfuzul-Haque/index.xml" rel="self" type="application/rss+xml"/><description>Md. Mahfuzul Haque</description><generator>Hugo Blox Builder (https://hugoblox.com)</generator><language>bn</language><lastBuildDate>Wed, 01 Jan 2025 00:00:00 +0000</lastBuildDate><image><url>https://sajid.buet.ac.bd/media/icon_hu_f05efc27037f3153.png</url><title>Md. Mahfuzul Haque</title><link>https://sajid.buet.ac.bd/bn/author/Md.-Mahfuzul-Haque/</link></image><item><title>Investigation of the physical properties through strain effect of monolayer silicon carbide material: DFT analysis</title><link>https://sajid.buet.ac.bd/bn/publication/j-023/</link><pubDate>Wed, 01 Jan 2025 00:00:00 +0000</pubDate><guid>https://sajid.buet.ac.bd/bn/publication/j-023/</guid><description/></item></channel></rss>