<?xml version="1.0" encoding="utf-8" standalone="yes"?><rss version="2.0" xmlns:atom="http://www.w3.org/2005/Atom"><channel><title>Alexander v Kildishev | Q-PACERS / কিউ-প্যাকার্স</title><link>https://sajid.buet.ac.bd/bn/author/Alexander-v-Kildishev/</link><atom:link href="https://sajid.buet.ac.bd/bn/author/Alexander-v-Kildishev/index.xml" rel="self" type="application/rss+xml"/><description>Alexander v Kildishev</description><generator>Hugo Blox Builder (https://hugoblox.com)</generator><language>bn</language><lastBuildDate>Tue, 01 Jan 2019 00:00:00 +0000</lastBuildDate><image><url>https://sajid.buet.ac.bd/media/icon_hu_f05efc27037f3153.png</url><title>Alexander v Kildishev</title><link>https://sajid.buet.ac.bd/bn/author/Alexander-v-Kildishev/</link></image><item><title>Enhancing sensitivity to ambient refractive index with tunable few-layer graphene/hBN nanoribbons</title><link>https://sajid.buet.ac.bd/bn/publication/j-010/</link><pubDate>Tue, 01 Jan 2019 00:00:00 +0000</pubDate><guid>https://sajid.buet.ac.bd/bn/publication/j-010/</guid><description/></item><item><title>Modulating Phase by Metasurfaces with Gated Ultra-thin TiN Films</title><link>https://sajid.buet.ac.bd/bn/publication/j-011/</link><pubDate>Tue, 01 Jan 2019 00:00:00 +0000</pubDate><guid>https://sajid.buet.ac.bd/bn/publication/j-011/</guid><description/></item><item><title>Roadmap on metasurfaces</title><link>https://sajid.buet.ac.bd/bn/publication/j-012/</link><pubDate>Tue, 01 Jan 2019 00:00:00 +0000</pubDate><guid>https://sajid.buet.ac.bd/bn/publication/j-012/</guid><description/></item><item><title>Material platforms for optical metasurfaces</title><link>https://sajid.buet.ac.bd/bn/publication/j-008/</link><pubDate>Mon, 01 Jan 2018 00:00:00 +0000</pubDate><guid>https://sajid.buet.ac.bd/bn/publication/j-008/</guid><description/></item><item><title>Controlling the Polarization State of Light with Plasmonic Metal Oxide Metasurface</title><link>https://sajid.buet.ac.bd/bn/publication/j-005/</link><pubDate>Fri, 01 Jan 2016 00:00:00 +0000</pubDate><guid>https://sajid.buet.ac.bd/bn/publication/j-005/</guid><description/></item></channel></rss>