<?xml version="1.0" encoding="utf-8" standalone="yes"?><rss version="2.0" xmlns:atom="http://www.w3.org/2005/Atom"><channel><title>Yongyuan Jiang | Q-PACERS (DSMC-RG)</title><link>https://sajid.buet.ac.bd/author/yongyuan-jiang/</link><atom:link href="https://sajid.buet.ac.bd/author/yongyuan-jiang/index.xml" rel="self" type="application/rss+xml"/><description>Yongyuan Jiang</description><generator>Hugo Blox Builder (https://hugoblox.com)</generator><language>en-us</language><lastBuildDate>Tue, 01 Jan 2019 00:00:00 +0000</lastBuildDate><image><url>https://sajid.buet.ac.bd/media/icon_hu_f05efc27037f3153.png</url><title>Yongyuan Jiang</title><link>https://sajid.buet.ac.bd/author/yongyuan-jiang/</link></image><item><title>Enhancing sensitivity to ambient refractive index with tunable few-layer graphene/hBN nanoribbons</title><link>https://sajid.buet.ac.bd/publication/j-010/</link><pubDate>Tue, 01 Jan 2019 00:00:00 +0000</pubDate><guid>https://sajid.buet.ac.bd/publication/j-010/</guid><description/></item><item><title>Modulating Phase by Metasurfaces with Gated Ultra-thin TiN Films</title><link>https://sajid.buet.ac.bd/publication/j-011/</link><pubDate>Tue, 01 Jan 2019 00:00:00 +0000</pubDate><guid>https://sajid.buet.ac.bd/publication/j-011/</guid><description/></item></channel></rss>