<?xml version="1.0" encoding="utf-8" standalone="yes"?><rss version="2.0" xmlns:atom="http://www.w3.org/2005/Atom"><channel><title>Jayed Hasan Rakib | Q-PACERS (DSMC-RG)</title><link>https://sajid.buet.ac.bd/author/jayed-hasan-rakib/</link><atom:link href="https://sajid.buet.ac.bd/author/jayed-hasan-rakib/index.xml" rel="self" type="application/rss+xml"/><description>Jayed Hasan Rakib</description><generator>Hugo Blox Builder (https://hugoblox.com)</generator><language>en-us</language><image><url>https://sajid.buet.ac.bd/author/jayed-hasan-rakib/avatar_hu_aa5430fb3987e651.jpg</url><title>Jayed Hasan Rakib</title><link>https://sajid.buet.ac.bd/author/jayed-hasan-rakib/</link></image><item><title>Jayed Hasan Rakib</title><link>https://sajid.buet.ac.bd/author/jayed-hasan-rakib/</link><pubDate>Mon, 01 Jan 0001 00:00:00 +0000</pubDate><guid>https://sajid.buet.ac.bd/author/jayed-hasan-rakib/</guid><description/></item></channel></rss>