<?xml version="1.0" encoding="utf-8" standalone="yes"?><rss version="2.0" xmlns:atom="http://www.w3.org/2005/Atom"><channel><title>Manuscript | Q-PACERS (DSMC-RG)</title><link>https://sajid.buet.ac.bd/publication_types/manuscript/</link><atom:link href="https://sajid.buet.ac.bd/publication_types/manuscript/index.xml" rel="self" type="application/rss+xml"/><description>Manuscript</description><generator>Hugo Blox Builder (https://hugoblox.com)</generator><language>en-us</language><lastBuildDate>Mon, 01 Jan 2024 00:00:00 +0000</lastBuildDate><image><url>https://sajid.buet.ac.bd/media/icon_hu_f05efc27037f3153.png</url><title>Manuscript</title><link>https://sajid.buet.ac.bd/publication_types/manuscript/</link></image><item><title>Design of Dual-Band Plasmonic Absorber for Biomedical Sensing and Environmental Monitoring</title><link>https://sajid.buet.ac.bd/publication/x-01/</link><pubDate>Mon, 01 Jan 2024 00:00:00 +0000</pubDate><guid>https://sajid.buet.ac.bd/publication/x-01/</guid><description/></item><item><title>Design of Silicon-Carbide Based Single-Quantum-Well White LED</title><link>https://sajid.buet.ac.bd/publication/x-02/</link><pubDate>Mon, 01 Jan 2024 00:00:00 +0000</pubDate><guid>https://sajid.buet.ac.bd/publication/x-02/</guid><description/></item><item><title>Efficiency Enhancement of c-Si/TiO2 Heterojunction Thin Film Solar Cell Using Hybrid Metal-Dielectric Nanostructures</title><link>https://sajid.buet.ac.bd/publication/x-03/</link><pubDate>Mon, 01 Jan 2024 00:00:00 +0000</pubDate><guid>https://sajid.buet.ac.bd/publication/x-03/</guid><description/></item></channel></rss>