<?xml version="1.0" encoding="utf-8" standalone="yes"?><rss version="2.0" xmlns:atom="http://www.w3.org/2005/Atom"><channel><title>Dispersion;Computational Modeling;Optical Refraction | Q-PACERS (DSMC-RG)</title><link>https://sajid.buet.ac.bd/tags/dispersioncomputational-modelingoptical-refraction/</link><atom:link href="https://sajid.buet.ac.bd/tags/dispersioncomputational-modelingoptical-refraction/index.xml" rel="self" type="application/rss+xml"/><description>Dispersion;Computational Modeling;Optical Refraction</description><generator>Hugo Blox Builder (https://hugoblox.com)</generator><language>en-us</language><lastBuildDate>Mon, 01 Jan 2018 00:00:00 +0000</lastBuildDate><image><url>https://sajid.buet.ac.bd/media/icon_hu_f05efc27037f3153.png</url><title>Dispersion;Computational Modeling;Optical Refraction</title><link>https://sajid.buet.ac.bd/tags/dispersioncomputational-modelingoptical-refraction/</link></image><item><title>Bi-anisotropic homogenization for efficient metasurface design (invited)</title><link>https://sajid.buet.ac.bd/publication/c-016/</link><pubDate>Mon, 01 Jan 2018 00:00:00 +0000</pubDate><guid>https://sajid.buet.ac.bd/publication/c-016/</guid><description/></item></channel></rss>