<?xml version="1.0" encoding="utf-8" standalone="yes"?><rss version="2.0" xmlns:atom="http://www.w3.org/2005/Atom"><channel><title>Kashfi Barua Riea | Q-PACERS (DSMC-RG)</title><link>https://sajid.buet.ac.bd/author/kashfi-barua-riea/</link><atom:link href="https://sajid.buet.ac.bd/author/kashfi-barua-riea/index.xml" rel="self" type="application/rss+xml"/><description>Kashfi Barua Riea</description><generator>Hugo Blox Builder (https://hugoblox.com)</generator><language>en-us</language><image><url>https://sajid.buet.ac.bd/author/kashfi-barua-riea/avatar_hu_deb39b52c136e5a4.jpg</url><title>Kashfi Barua Riea</title><link>https://sajid.buet.ac.bd/author/kashfi-barua-riea/</link></image><item><title>Kashfi Barua Riea</title><link>https://sajid.buet.ac.bd/author/kashfi-barua-riea/</link><pubDate>Mon, 01 Jan 0001 00:00:00 +0000</pubDate><guid>https://sajid.buet.ac.bd/author/kashfi-barua-riea/</guid><description/></item></channel></rss>