<?xml version="1.0" encoding="utf-8" standalone="yes"?><rss version="2.0" xmlns:atom="http://www.w3.org/2005/Atom"><channel><title>Soikot Sarkar | Q-PACERS (DSMC-RG)</title><link>https://sajid.buet.ac.bd/author/soikot-sarkar/</link><atom:link href="https://sajid.buet.ac.bd/author/soikot-sarkar/index.xml" rel="self" type="application/rss+xml"/><description>Soikot Sarkar</description><generator>Hugo Blox Builder (https://hugoblox.com)</generator><language>en-us</language><lastBuildDate>Sun, 01 Jan 2023 00:00:00 +0000</lastBuildDate><image><url>https://sajid.buet.ac.bd/media/icon_hu_f05efc27037f3153.png</url><title>Soikot Sarkar</title><link>https://sajid.buet.ac.bd/author/soikot-sarkar/</link></image><item><title>Design and Performance Analysis of a c-Si Thin-Film Solar Cell Using Plasmonic Ag Nanostructures</title><link>https://sajid.buet.ac.bd/bn/publication/c-019/</link><pubDate>Sun, 01 Jan 2023 00:00:00 +0000</pubDate><guid>https://sajid.buet.ac.bd/bn/publication/c-019/</guid><description/></item><item><title>Design and Performance Analysis of a c-Si Thin-Film Solar Cell Using Plasmonic Ag Nanostructures</title><link>https://sajid.buet.ac.bd/publication/c-019/</link><pubDate>Sun, 01 Jan 2023 00:00:00 +0000</pubDate><guid>https://sajid.buet.ac.bd/publication/c-019/</guid><description/></item></channel></rss>