<?xml version="1.0" encoding="utf-8" standalone="yes"?><rss version="2.0" xmlns:atom="http://www.w3.org/2005/Atom"><channel><title>Andrea Alù | Q-PACERS</title><link>https://sajid.buet.ac.bd/bn/author/andrea-alu/</link><atom:link href="https://sajid.buet.ac.bd/bn/author/andrea-alu/index.xml" rel="self" type="application/rss+xml"/><description>Andrea Alù</description><generator>Hugo Blox Builder (https://hugoblox.com)</generator><language>bn</language><lastBuildDate>Tue, 01 Jan 2019 00:00:00 +0000</lastBuildDate><image><url>https://sajid.buet.ac.bd/media/icon_hu_f05efc27037f3153.png</url><title>Andrea Alù</title><link>https://sajid.buet.ac.bd/bn/author/andrea-alu/</link></image><item><title>Roadmap on metasurfaces</title><link>https://sajid.buet.ac.bd/bn/publication/j-012/</link><pubDate>Tue, 01 Jan 2019 00:00:00 +0000</pubDate><guid>https://sajid.buet.ac.bd/bn/publication/j-012/</guid><description/></item><item><title>Controlling the Polarization State of Light with Plasmonic Metal Oxide Metasurface</title><link>https://sajid.buet.ac.bd/bn/publication/j-005/</link><pubDate>Fri, 01 Jan 2016 00:00:00 +0000</pubDate><guid>https://sajid.buet.ac.bd/bn/publication/j-005/</guid><description/></item></channel></rss>