<?xml version="1.0" encoding="utf-8" standalone="yes"?><rss version="2.0" xmlns:atom="http://www.w3.org/2005/Atom"><channel><title>Md Asif Hossain Bhuiyan | Q-PACERS</title><link>https://sajid.buet.ac.bd/bn/author/md-asif-hossain-bhuiyan/</link><atom:link href="https://sajid.buet.ac.bd/bn/author/md-asif-hossain-bhuiyan/index.xml" rel="self" type="application/rss+xml"/><description>Md Asif Hossain Bhuiyan</description><generator>Hugo Blox Builder (https://hugoblox.com)</generator><language>bn</language><lastBuildDate>Sun, 01 Jan 2023 00:00:00 +0000</lastBuildDate><image><url>https://sajid.buet.ac.bd/media/icon_hu_f05efc27037f3153.png</url><title>Md Asif Hossain Bhuiyan</title><link>https://sajid.buet.ac.bd/bn/author/md-asif-hossain-bhuiyan/</link></image><item><title>VO2-based All-optical Reflection Modulator for 2μm Wave Band</title><link>https://sajid.buet.ac.bd/bn/publication/c-022/</link><pubDate>Sun, 01 Jan 2023 00:00:00 +0000</pubDate><guid>https://sajid.buet.ac.bd/bn/publication/c-022/</guid><description/></item><item><title>TiN-GST-TiN all-optical reflection modulator for the 2μm wave band reaching 85% efficiency</title><link>https://sajid.buet.ac.bd/bn/publication/j-017/</link><pubDate>Sat, 01 Jan 2022 00:00:00 +0000</pubDate><guid>https://sajid.buet.ac.bd/bn/publication/j-017/</guid><description/></item><item><title>T Grating on Nano-Cavity Array based Refractive Index Sensor</title><link>https://sajid.buet.ac.bd/bn/publication/j-015/</link><pubDate>Fri, 01 Jan 2021 00:00:00 +0000</pubDate><guid>https://sajid.buet.ac.bd/bn/publication/j-015/</guid><description/></item></channel></rss>