<?xml version="1.0" encoding="utf-8" standalone="yes"?><rss version="2.0" xmlns:atom="http://www.w3.org/2005/Atom"><channel><title>Harsha Reddy | Q-PACERS</title><link>https://sajid.buet.ac.bd/bn/author/harsha-reddy/</link><atom:link href="https://sajid.buet.ac.bd/bn/author/harsha-reddy/index.xml" rel="self" type="application/rss+xml"/><description>Harsha Reddy</description><generator>Hugo Blox Builder (https://hugoblox.com)</generator><language>bn</language><lastBuildDate>Thu, 29 Jul 2021 00:00:00 +0000</lastBuildDate><image><url>https://sajid.buet.ac.bd/media/icon_hu_f05efc27037f3153.png</url><title>Harsha Reddy</title><link>https://sajid.buet.ac.bd/bn/author/harsha-reddy/</link></image><item><title>Thermophotovoltaic system and method of making the same</title><link>https://sajid.buet.ac.bd/bn/publication/p-02/</link><pubDate>Thu, 29 Jul 2021 00:00:00 +0000</pubDate><guid>https://sajid.buet.ac.bd/bn/publication/p-02/</guid><description/></item><item><title>Modulating Phase by Metasurfaces with Gated Ultra-thin TiN Films</title><link>https://sajid.buet.ac.bd/bn/publication/j-011/</link><pubDate>Tue, 01 Jan 2019 00:00:00 +0000</pubDate><guid>https://sajid.buet.ac.bd/bn/publication/j-011/</guid><description/></item><item><title>Roadmap on metasurfaces</title><link>https://sajid.buet.ac.bd/bn/publication/j-012/</link><pubDate>Tue, 01 Jan 2019 00:00:00 +0000</pubDate><guid>https://sajid.buet.ac.bd/bn/publication/j-012/</guid><description/></item></channel></rss>