<?xml version="1.0" encoding="utf-8" standalone="yes"?><rss version="2.0" xmlns:atom="http://www.w3.org/2005/Atom"><channel><title>Md. Redwanul Karim | Q-PACERS</title><link>https://sajid.buet.ac.bd/bn/author/md.-redwanul-karim/</link><atom:link href="https://sajid.buet.ac.bd/bn/author/md.-redwanul-karim/index.xml" rel="self" type="application/rss+xml"/><description>Md. Redwanul Karim</description><generator>Hugo Blox Builder (https://hugoblox.com)</generator><language>bn</language><lastBuildDate>Wed, 01 Jan 2025 00:00:00 +0000</lastBuildDate><image><url>https://sajid.buet.ac.bd/media/icon_hu_f05efc27037f3153.png</url><title>Md. Redwanul Karim</title><link>https://sajid.buet.ac.bd/bn/author/md.-redwanul-karim/</link></image><item><title>Synergizing deep learning and phase change materials for four-state broadband multifunctional metasurfaces in the visible range</title><link>https://sajid.buet.ac.bd/bn/publication/j-024/</link><pubDate>Wed, 01 Jan 2025 00:00:00 +0000</pubDate><guid>https://sajid.buet.ac.bd/bn/publication/j-024/</guid><description/></item></channel></rss>