<?xml version="1.0" encoding="utf-8" standalone="yes"?><rss version="2.0" xmlns:atom="http://www.w3.org/2005/Atom"><channel><title>Meherin Tasfia | Q-PACERS (DSMC-RG)</title><link>https://sajid.buet.ac.bd/author/Meherin-Tasfia/</link><atom:link href="https://sajid.buet.ac.bd/author/Meherin-Tasfia/index.xml" rel="self" type="application/rss+xml"/><description>Meherin Tasfia</description><generator>Hugo Blox Builder (https://hugoblox.com)</generator><language>en-us</language><image><url>https://sajid.buet.ac.bd/author/Meherin-Tasfia/avatar_hu_79ba8dc330bfbb73.jpg</url><title>Meherin Tasfia</title><link>https://sajid.buet.ac.bd/author/Meherin-Tasfia/</link></image><item><title>Meherin Tasfia</title><link>https://sajid.buet.ac.bd/author/Meherin-Tasfia/</link><pubDate>Mon, 01 Jan 0001 00:00:00 +0000</pubDate><guid>https://sajid.buet.ac.bd/author/Meherin-Tasfia/</guid><description/></item></channel></rss>