<?xml version="1.0" encoding="utf-8" standalone="yes"?><rss version="2.0" xmlns:atom="http://www.w3.org/2005/Atom"><channel><title>Nafis Ahmed | Q-PACERS (DSMC-RG)</title><link>https://sajid.buet.ac.bd/author/Nafis-Ahmed/</link><atom:link href="https://sajid.buet.ac.bd/author/Nafis-Ahmed/index.xml" rel="self" type="application/rss+xml"/><description>Nafis Ahmed</description><generator>Hugo Blox Builder (https://hugoblox.com)</generator><language>en-us</language><image><url>https://sajid.buet.ac.bd/media/icon_hu_f05efc27037f3153.png</url><title>Nafis Ahmed</title><link>https://sajid.buet.ac.bd/author/Nafis-Ahmed/</link></image><item><title>Nafis Ahmed</title><link>https://sajid.buet.ac.bd/author/Nafis-Ahmed/</link><pubDate>Mon, 01 Jan 0001 00:00:00 +0000</pubDate><guid>https://sajid.buet.ac.bd/author/Nafis-Ahmed/</guid><description/></item></channel></rss>