<?xml version="1.0" encoding="utf-8" standalone="yes"?><rss version="2.0" xmlns:atom="http://www.w3.org/2005/Atom"><channel><title>Md. Azim Sikder | Q-PACERS (DSMC-RG)</title><link>https://sajid.buet.ac.bd/author/Md.-Azim-Sikder/</link><atom:link href="https://sajid.buet.ac.bd/author/Md.-Azim-Sikder/index.xml" rel="self" type="application/rss+xml"/><description>Md. Azim Sikder</description><generator>Hugo Blox Builder (https://hugoblox.com)</generator><language>en-us</language><image><url>https://sajid.buet.ac.bd/author/Md.-Azim-Sikder/avatar_hu_ab01bbcf2dee8786.jpg</url><title>Md. Azim Sikder</title><link>https://sajid.buet.ac.bd/author/Md.-Azim-Sikder/</link></image><item><title>Md. Azim Sikder</title><link>https://sajid.buet.ac.bd/author/Md.-Azim-Sikder/</link><pubDate>Mon, 01 Jan 0001 00:00:00 +0000</pubDate><guid>https://sajid.buet.ac.bd/author/Md.-Azim-Sikder/</guid><description/></item></channel></rss>