<?xml version="1.0" encoding="utf-8" standalone="yes"?><rss version="2.0" xmlns:atom="http://www.w3.org/2005/Atom"><channel><title>Md. Solaiman | Q-PACERS (DSMC-RG)</title><link>https://sajid.buet.ac.bd/author/Md.-Solaiman/</link><atom:link href="https://sajid.buet.ac.bd/author/Md.-Solaiman/index.xml" rel="self" type="application/rss+xml"/><description>Md. Solaiman</description><generator>Hugo Blox Builder (https://hugoblox.com)</generator><language>en-us</language><image><url>https://sajid.buet.ac.bd/author/Md.-Solaiman/avatar_hu_6d74a51d075119ca.jpg</url><title>Md. Solaiman</title><link>https://sajid.buet.ac.bd/author/Md.-Solaiman/</link></image><item><title>Md. Solaiman</title><link>https://sajid.buet.ac.bd/author/Md.-Solaiman/</link><pubDate>Mon, 01 Jan 0001 00:00:00 +0000</pubDate><guid>https://sajid.buet.ac.bd/author/Md.-Solaiman/</guid><description/></item></channel></rss>