<?xml version="1.0" encoding="utf-8" standalone="yes"?><rss version="2.0" xmlns:atom="http://www.w3.org/2005/Atom"><channel><title>Zaheer Al Jamee | Q-PACERS (DSMC-RG)</title><link>https://sajid.buet.ac.bd/author/Zaheer-Al-Jamee/</link><atom:link href="https://sajid.buet.ac.bd/author/Zaheer-Al-Jamee/index.xml" rel="self" type="application/rss+xml"/><description>Zaheer Al Jamee</description><generator>Hugo Blox Builder (https://hugoblox.com)</generator><language>en-us</language><image><url>https://sajid.buet.ac.bd/author/Zaheer-Al-Jamee/avatar_hu_88c03506d3368d5a.jpg</url><title>Zaheer Al Jamee</title><link>https://sajid.buet.ac.bd/author/Zaheer-Al-Jamee/</link></image><item><title>Zaheer Al Jamee</title><link>https://sajid.buet.ac.bd/author/Zaheer-Al-Jamee/</link><pubDate>Mon, 01 Jan 0001 00:00:00 +0000</pubDate><guid>https://sajid.buet.ac.bd/author/Zaheer-Al-Jamee/</guid><description/></item></channel></rss>