<?xml version="1.0" encoding="utf-8" standalone="yes"?><rss version="2.0" xmlns:atom="http://www.w3.org/2005/Atom"><channel><title>Md. Tanvirul Islam | Q-PACERS (DSMC-RG)</title><link>https://sajid.buet.ac.bd/author/Md.-Tanvirul-Islam/</link><atom:link href="https://sajid.buet.ac.bd/author/Md.-Tanvirul-Islam/index.xml" rel="self" type="application/rss+xml"/><description>Md. Tanvirul Islam</description><generator>Hugo Blox Builder (https://hugoblox.com)</generator><language>en-us</language><image><url>https://sajid.buet.ac.bd/author/Md.-Tanvirul-Islam/avatar_hu_af9070d5fab24894.jpg</url><title>Md. Tanvirul Islam</title><link>https://sajid.buet.ac.bd/author/Md.-Tanvirul-Islam/</link></image><item><title>Md. Tanvirul Islam</title><link>https://sajid.buet.ac.bd/author/Md.-Tanvirul-Islam/</link><pubDate>Mon, 01 Jan 0001 00:00:00 +0000</pubDate><guid>https://sajid.buet.ac.bd/author/Md.-Tanvirul-Islam/</guid><description/></item></channel></rss>