<?xml version="1.0" encoding="utf-8" standalone="yes"?><rss version="2.0" xmlns:atom="http://www.w3.org/2005/Atom"><channel><title>Md. Sakif Imam | Q-PACERS (DSMC-RG)</title><link>https://sajid.buet.ac.bd/author/Md.-Sakif-Imam/</link><atom:link href="https://sajid.buet.ac.bd/author/Md.-Sakif-Imam/index.xml" rel="self" type="application/rss+xml"/><description>Md. Sakif Imam</description><generator>Hugo Blox Builder (https://hugoblox.com)</generator><language>en-us</language><image><url>https://sajid.buet.ac.bd/author/Md.-Sakif-Imam/avatar_hu_3be5c548f32d1cab.jpg</url><title>Md. Sakif Imam</title><link>https://sajid.buet.ac.bd/author/Md.-Sakif-Imam/</link></image><item><title>Md. Sakif Imam</title><link>https://sajid.buet.ac.bd/author/Md.-Sakif-Imam/</link><pubDate>Mon, 01 Jan 0001 00:00:00 +0000</pubDate><guid>https://sajid.buet.ac.bd/author/Md.-Sakif-Imam/</guid><description/></item></channel></rss>