Cites,Authors,Title,Year,Source,Publisher,ArticleURL,CitesURL,GSRank,QueryDate,Type,DOI,ISSN,CitationURL,Volume,Issue,StartPage,EndPage,ECC,CitesPerYear,CitesPerAuthor,AuthorCount,Age,Abstract,FullTextURL,RelatedURL
345,"O Quevedo-Teruel, H Chen, A Díaz-Rubio, G Gok, A Grbic, G Minatti, ...","Roadmap on metasurfaces",2019,"Journal of Optics","","","https://scholar.google.com/scholar?oi=bibs&hl=en&cites=8286398673291060387",1,"2026-10-04 14:08:22","Journal article","","","https://scholar.google.com/citations?view_op=view_citation&hl=en&user=Fu8Hkb4AAAAJ&pagesize=100&citation_for_view=Fu8Hkb4AAAAJ:4TOpqqG69KYC",21,7,73002,73002,345,49.29,49,7,7,"","",""
261,"M Song, D Wang, S Peana, SM Choudhury, P Nyga, ZA Kudyshev, H Yu, ...","Colors with plasmonic nanostructures: A full-spectrum review",2019,"Applied Physics Reviews","","","https://scholar.google.com/scholar?oi=bibs&hl=en&cites=6671964885150555504",2,"2026-10-04 14:08:22","Journal article","","","https://scholar.google.com/citations?view_op=view_citation&hl=en&user=Fu8Hkb4AAAAJ&pagesize=100&citation_for_view=Fu8Hkb4AAAAJ:qxL8FJ1GzNcC",6,4,41308,41308,261,37.29,33,8,7,"","",""
193,"SM Choudhury, D Wang, K Chaudhuri, C DeVault, AV Kildishev, ...","Material platforms for optical metasurfaces",2018,"Nanophotonics","","","https://scholar.google.com/scholar?oi=bibs&hl=en&cites=2988915726666485358",3,"2026-10-04 14:08:22","Journal article","","","https://scholar.google.com/citations?view_op=view_citation&hl=en&user=Fu8Hkb4AAAAJ&pagesize=100&citation_for_view=Fu8Hkb4AAAAJ:MXK_kJrjxJIC",7,6,959,987,193,24.13,32,6,8,"","",""
90,"J Kim, SM Choudhury, C DeVault, Y Zhao, AV Kildishev, VM Shalaev, ...","Controlling the polarization state of light with plasmonic metal oxide metasurface",2016,"ACS nano","","","https://scholar.google.com/scholar?oi=bibs&hl=en&cites=15629147133999960574",4,"2026-10-04 14:08:22","Journal article","","","https://scholar.google.com/citations?view_op=view_citation&hl=en&user=Fu8Hkb4AAAAJ&pagesize=100&citation_for_view=Fu8Hkb4AAAAJ:UebtZRa9Y70C",10,10,9326,9333,90,9.00,13,7,10,"","",""
89,"MM Hassan, FS Sium, F Islam, SM Choudhury","A review on plasmonic and metamaterial based biosensing platforms for virus detection",2021,"Sensing and Bio-Sensing Research","","","https://scholar.google.com/scholar?oi=bibs&hl=en&cites=3559577447094373623,3142927825417972172",5,"2026-10-04 14:08:22","Journal article","","","https://scholar.google.com/citations?view_op=view_citation&hl=en&user=Fu8Hkb4AAAAJ&pagesize=100&citation_for_view=Fu8Hkb4AAAAJ:mB3voiENLucC",33,,100429,100429,89,17.80,22,4,5,"","",""
87,"SM Choudhury, U Guler, A Shaltout, VM Shalaev, AV Kildishev, ...","Pancharatnam–Berry phase manipulating metasurface for visible color hologram based on low loss silver thin film",2017,"Advanced Optical Materials","","","https://scholar.google.com/scholar?oi=bibs&hl=en&cites=16396228527597502808",6,"2026-10-04 14:08:22","Journal article","","","https://scholar.google.com/citations?view_op=view_citation&hl=en&user=Fu8Hkb4AAAAJ&pagesize=100&citation_for_view=Fu8Hkb4AAAAJ:0EnyYjriUFMC",5,10,1700196,1700196,87,9.67,15,6,9,"","",""
54,"MH Himel, B Sikder, T Ahmed, SM Choudhury","Biomimicry in nanotechnology: A comprehensive review",2023,"Nanoscale Advances","","","https://scholar.google.com/scholar?oi=bibs&hl=en&cites=308848761021806897,9712927391075065185",7,"2026-10-04 14:08:22","Journal article","","","https://scholar.google.com/citations?view_op=view_citation&hl=en&user=Fu8Hkb4AAAAJ&pagesize=100&citation_for_view=Fu8Hkb4AAAAJ:GnPB-g6toBAC",5,3,596,614,54,18.00,14,4,3,"","",""
40,"VA Zenin, SM Choudhury, S Saha, VM Shalaev, A Boltasseva, ...","Hybrid plasmonic waveguides formed by metal coating of dielectric ridges",2017,"Optics express","","","https://scholar.google.com/scholar?oi=bibs&hl=en&cites=10619818460269988738",8,"2026-10-04 14:08:22","Journal article","","","https://scholar.google.com/citations?view_op=view_citation&hl=en&user=Fu8Hkb4AAAAJ&pagesize=100&citation_for_view=Fu8Hkb4AAAAJ:5nxA0vEk-isC",25,11,12295,12302,40,4.44,7,6,9,"","",""
36,"H Jiang, SM Choudhury, ZA Kudyshev, D Wang, LJ Prokopeva, P Xiao, ...","Enhancing sensitivity to ambient refractive index with tunable few-layer graphene/hBN nanoribbons",2019,"Photonics Research","","","https://scholar.google.com/scholar?oi=bibs&hl=en&cites=2106893158866834578",9,"2026-10-04 14:08:22","Journal article","","","https://scholar.google.com/citations?view_op=view_citation&hl=en&user=Fu8Hkb4AAAAJ&pagesize=100&citation_for_view=Fu8Hkb4AAAAJ:_kc_bZDykSQC",7,7,815,822,36,5.14,5,7,7,"","",""
20,"SM Choudhury","Design and implementation of a low cost power factor improvement device",2008,"TENCON 2008-2008 IEEE Region 10 Conference","","","https://scholar.google.com/scholar?oi=bibs&hl=en&cites=12287718853822111240",10,"2026-10-04 14:08:22","Conference paper","","","https://scholar.google.com/citations?view_op=view_citation&hl=en&user=Fu8Hkb4AAAAJ&pagesize=100&citation_for_view=Fu8Hkb4AAAAJ:UeHWp8X0CEIC",,,1,4,20,1.11,20,1,18,"","",""
19,"MA Zaman, SA Mamun, M Gaffar, SM Choudhury, MM Alam, MA Matin","Phased Array Synthesis Using Modified Particle Swarm Optimization.",2011,"Journal of Engineering Science &Technology Review","","","https://scholar.google.com/scholar?oi=bibs&hl=en&cites=13622734415923798142",11,"2026-10-04 14:08:22","Journal article","","","https://scholar.google.com/citations?view_op=view_citation&hl=en&user=Fu8Hkb4AAAAJ&pagesize=100&citation_for_view=Fu8Hkb4AAAAJ:u5HHmVD_uO8C",4,1,68,68,19,1.27,3,6,15,"","",""
15,"M Purkayastha, MSR Khan, M Alam, MP Siddique, F Begum, T Mondal, ...","CULTURAL AND BIOCHEMICAL CHARACTERIZATION OF SHEEP Escherichia coli ISOLATED FROM IN AND AROUND BAU CAMPUS",2010,"Bangladesh Journal of Veterinary Medicine","","","https://scholar.google.com/scholar?oi=bibs&hl=en&cites=3202372397419690658",12,"2026-10-04 14:08:22","Journal article","","","https://scholar.google.com/citations?view_op=view_citation&hl=en&user=Fu8Hkb4AAAAJ&pagesize=100&citation_for_view=Fu8Hkb4AAAAJ:p2g8aNsByqUC",8,1,51,55,15,0.94,2,7,16,"","",""
14,"A Sarker, SA Mitu, P Das, SM Choudhury","Structurally tunable gear-shaped plasmonic sensor",2020,"Optics Express","","","https://scholar.google.com/scholar?oi=bibs&hl=en&cites=3519543545455367010",13,"2026-10-04 14:08:22","Journal article","","","https://scholar.google.com/citations?view_op=view_citation&hl=en&user=Fu8Hkb4AAAAJ&pagesize=100&citation_for_view=Fu8Hkb4AAAAJ:9ZlFYXVOiuMC",28,24,36070,36083,14,2.33,4,4,6,"","",""
14,"M Gaffar, MA Zaman, SM Choudhury, MA Matin","Design and optimisation of a novel dual-band circularly polarised microstrip antenna",2011,"IET microwaves, antennas &propagation","","","https://scholar.google.com/scholar?oi=bibs&hl=en&cites=8711526624578623110",14,"2026-10-04 14:08:22","Journal article","","","https://scholar.google.com/citations?view_op=view_citation&hl=en&user=Fu8Hkb4AAAAJ&pagesize=100&citation_for_view=Fu8Hkb4AAAAJ:qjMakFHDy7sC",5,14,1670,1674,14,0.93,4,4,15,"","",""
13,"A Shaltout, SM Choudhury, AV Kildishev, A Boltasseva, VM Shalaev","System for producing ultra-thin color phase hologram with metasurfaces",2018,"US Patent 9,952,557","","","https://scholar.google.com/scholar?oi=bibs&hl=en&cites=6923971287762520710,11669643195606815800",15,"2026-10-04 14:08:22","Patent","","","https://scholar.google.com/citations?view_op=view_citation&hl=en&user=Fu8Hkb4AAAAJ&pagesize=100&citation_for_view=Fu8Hkb4AAAAJ:hqOjcs7Dif8C",,,,,13,1.63,3,5,8,"","",""
11,"MM Haque, SM Choudhury","Tailoring electronic and optoelectronic properties of 2D-SiC via defects and doping: a first-principles study toward efficient white light-emitting diodes",2025,"RSC advances","","","https://scholar.google.com/scholar?oi=bibs&hl=en&cites=14184043741266223492",16,"2026-10-04 14:08:22","Journal article","","","https://scholar.google.com/citations?view_op=view_citation&hl=en&user=Fu8Hkb4AAAAJ&pagesize=100&citation_for_view=Fu8Hkb4AAAAJ:dshw04ExmUIC",15,36,29335,29366,11,11.00,6,2,1,"","",""
10,"H Jiang, H Reddy, D Shah, ZA Kudyshev, SM Choudhury, D Wang, ...","Modulating phase by metasurfaces with gated ultra-thin TiN films",2019,"Nanoscale","","","https://scholar.google.com/scholar?oi=bibs&hl=en&cites=11227035606952378394",17,"2026-10-04 14:08:22","Journal article","","","https://scholar.google.com/citations?view_op=view_citation&hl=en&user=Fu8Hkb4AAAAJ&pagesize=100&citation_for_view=Fu8Hkb4AAAAJ:ULOm3_A8WrAC",11,23,11167,11172,10,1.43,1,7,7,"","",""
10,"MA Zaman, M Gaffar, SM Choudhury, MA Matin","Optimization and analysis of a Ka band Pickett Potter horn antenna with low cross polarization",2010,"International Conference on Electrical &Computer Engineering (ICECE 2010 …","","","https://scholar.google.com/scholar?oi=bibs&hl=en&cites=6593672257553828483",18,"2026-10-04 14:08:22","Conference paper","","","https://scholar.google.com/citations?view_op=view_citation&hl=en&user=Fu8Hkb4AAAAJ&pagesize=100&citation_for_view=Fu8Hkb4AAAAJ:9yKSN-GCB0IC",,,,,10,0.63,3,4,16,"","",""
9,"SM Choudhury, MA Matin","Effect of FSS ground plane on second iteration of hexaflake fractal patch antenna",2012,"2012 7th International Conference on Electrical and Computer Engineering …","","","https://scholar.google.com/scholar?oi=bibs&hl=en&cites=963669230748856147",19,"2026-10-04 14:08:22","Conference paper","","","https://scholar.google.com/citations?view_op=view_citation&hl=en&user=Fu8Hkb4AAAAJ&pagesize=100&citation_for_view=Fu8Hkb4AAAAJ:Y0pCki6q_DkC",,,,,9,0.64,5,2,14,"","",""
8,"ME Karim, SM Choudhury","Reconfigurable broadband metasurface with switchable functionalities in the visible range",2023,"Optical Materials Express","","","https://scholar.google.com/scholar?oi=bibs&hl=en&cites=1808940088833980222",20,"2026-10-04 14:08:22","Journal article","","","https://scholar.google.com/citations?view_op=view_citation&hl=en&user=Fu8Hkb4AAAAJ&pagesize=100&citation_for_view=Fu8Hkb4AAAAJ:O3NaXMp0MMsC",13,5,1409,1423,8,2.67,4,2,3,"","",""
8,"SM Choudhury, MA Zaman, M Gaffar, MA Matin","A novel approach for changing bandwidth of FSS filter using gradual circumferential variation of loaded elements",2010,"Proc. of Progress in Electromagnetic Research, USA","","","https://scholar.google.com/scholar?oi=bibs&hl=en&cites=14490815659836689039",21,"2026-10-04 14:08:22","Conference paper","","","https://scholar.google.com/citations?view_op=view_citation&hl=en&user=Fu8Hkb4AAAAJ&pagesize=100&citation_for_view=Fu8Hkb4AAAAJ:2osOgNQ5qMEC",,,1132,1134,8,0.50,2,4,16,"","",""
7,"S Sarkar, SM Choudhury","Efficiency enhancement of c-Si/TiO2 heterojunction thin film solar cell using hybrid metal-dielectric nanostructures",2025,"Solar Energy","","","https://scholar.google.com/scholar?oi=bibs&hl=en&cites=6991725189160428326",22,"2026-10-04 14:08:22","Journal article","","","https://scholar.google.com/citations?view_op=view_citation&hl=en&user=Fu8Hkb4AAAAJ&pagesize=100&citation_for_view=Fu8Hkb4AAAAJ:CHSYGLWDkRkC",296,,113535,113535,7,7.00,4,2,1,"","",""
7,"ME Karim, MR Karim, SM Choudhury","Synergizing deep learning and phase change materials for four-state broadband multifunctional metasurfaces in the visible range",2025,"Optics &Laser Technology","","","https://scholar.google.com/scholar?oi=bibs&hl=en&cites=1287030989494005811",23,"2026-10-04 14:08:22","Journal article","","","https://scholar.google.com/citations?view_op=view_citation&hl=en&user=Fu8Hkb4AAAAJ&pagesize=100&citation_for_view=Fu8Hkb4AAAAJ:D03iK_w7-QYC",181,,111730,111730,7,7.00,2,3,1,"","",""
7,"P Ahmmed, Z Ahmed, MIJ Rafee, MA Awal, SM Choudhury","Self-localization of a mobile robot using monocular vision of a chessboard pattern",2014,"8th International Conference on Electrical and Computer Engineering","","","https://scholar.google.com/scholar?oi=bibs&hl=en&cites=11487885256991801545",24,"2026-10-04 14:08:22","Conference paper","","","https://scholar.google.com/citations?view_op=view_citation&hl=en&user=Fu8Hkb4AAAAJ&pagesize=100&citation_for_view=Fu8Hkb4AAAAJ:_FxGoFyzp5QC",,,753,756,7,0.58,1,5,12,"","",""
6,"MA Zaman, SM Choudhury, M Gaffar, MA Matin","Modeling the illumination function of a cassegrain reflector for a corrugated horn feed and calculation of the far field pattern",2009,"2009 Loughborough Antennas &Propagation Conference","","","https://scholar.google.com/scholar?oi=bibs&hl=en&cites=16001694720279421257",25,"2026-10-04 14:08:22","Conference paper","","","https://scholar.google.com/citations?view_op=view_citation&hl=en&user=Fu8Hkb4AAAAJ&pagesize=100&citation_for_view=Fu8Hkb4AAAAJ:u-x6o8ySG0sC",,,101,104,6,0.35,2,4,17,"","",""
5,"MM Haque, MR Islam, SM Choudhury","Investigation of the physical properties through strain effect of monolayer silicon carbide material: DFT analysis",2025,"Physica B: Condensed Matter","","","https://scholar.google.com/scholar?oi=bibs&hl=en&cites=2390171604816978847",26,"2026-10-04 14:08:22","Journal article","","","https://scholar.google.com/citations?view_op=view_citation&hl=en&user=Fu8Hkb4AAAAJ&pagesize=100&citation_for_view=Fu8Hkb4AAAAJ:b0M2c_1WBrUC",697,,416670,416670,5,5.00,2,3,1,"","",""
4,"MA Matin, MA Zaman, SM Choudhury, M Gaffar","Analysis of a conical corrugated horn operating in the K-band with low cross-polarization and high aperture efficiency, and observing its radiation patterns",2009,"2009 IEEE Antennas and Propagation Society International Symposium","","","https://scholar.google.com/scholar?oi=bibs&hl=en&cites=16846289187853578595",27,"2026-10-04 14:08:22","Conference paper","","","https://scholar.google.com/citations?view_op=view_citation&hl=en&user=Fu8Hkb4AAAAJ&pagesize=100&citation_for_view=Fu8Hkb4AAAAJ:d1gkVwhDpl0C",,,1,4,4,0.24,1,4,17,"","",""
3,"ME Karim, SM Choudhury","Sb2S3/AlGaAs-based reconfigurable metasurface for dynamic polarization and directionality control of quantum emitter emission",2024,"RSC advances","","","https://scholar.google.com/scholar?oi=bibs&hl=en&cites=664930349639466424",28,"2026-10-04 14:08:22","Journal article","","","https://scholar.google.com/citations?view_op=view_citation&hl=en&user=Fu8Hkb4AAAAJ&pagesize=100&citation_for_view=Fu8Hkb4AAAAJ:_xSYboBqXhAC",14,40,29215,29228,3,1.50,2,2,2,"","",""
3,"MAH Bhuiyan, SA Mitu, SM Choudhury","TiN-GST-TiN all-optical reflection modulator for the 2 µm wave band reaching 85% efficiency",2022,"Applied Optics","","","https://scholar.google.com/scholar?oi=bibs&hl=en&cites=1361084146022103798",29,"2026-10-04 14:08:22","Journal article","","","https://scholar.google.com/citations?view_op=view_citation&hl=en&user=Fu8Hkb4AAAAJ&pagesize=100&citation_for_view=Fu8Hkb4AAAAJ:BqipwSGYUEgC",61,31,9262,9270,3,0.75,1,3,4,"","",""
3,"MM Hassan, FS Sium, F Islam, SM Choudhury","A review on plasmonic nano-biosensors for virus detection with a focus on coronavirus",2020,"","","","https://scholar.google.com/scholar?oi=bibs&hl=en&cites=14817330429276455021",30,"2026-10-04 14:08:22","","","","https://scholar.google.com/citations?view_op=view_citation&hl=en&user=Fu8Hkb4AAAAJ&pagesize=100&citation_for_view=Fu8Hkb4AAAAJ:XiSMed-E-HIC",,,,,3,0.50,1,4,6,"","",""
3,"SM Choudhury, A Shaltout, VM Shalaev, A Boltasseva, AV Kildishev","Color hologram generation using a Pancharatnam-Berry phase manipulating metasurface",2015,"CLEO: Applications and Technology, JTu5A.","","","https://scholar.google.com/scholar?oi=bibs&hl=en&cites=11457636406929962215",31,"2026-10-04 14:08:22","Journal article","","","https://scholar.google.com/citations?view_op=view_citation&hl=en&user=Fu8Hkb4AAAAJ&pagesize=100&citation_for_view=Fu8Hkb4AAAAJ:roLk4NBRz8UC",89,,,,3,0.27,1,5,11,"","",""
2,"J Hossain, SM Choudhury, MIH Bhuiyan","Harnessing Topological Valley-Hall States in Photonic Crystals for Robust Cancer Cell Detection",2025,"arXiv preprint arXiv:2509.","","","https://scholar.google.com/scholar?oi=bibs&hl=en&cites=14011394907719236090",32,"2026-10-04 14:08:22","Preprint","","","https://scholar.google.com/citations?view_op=view_citation&hl=en&user=Fu8Hkb4AAAAJ&pagesize=100&citation_for_view=Fu8Hkb4AAAAJ:UxriW0iASnsC",5690,,,,2,2.00,1,3,1,"","",""
2,"MM Haque, SM Choudhury","DFT Analysis of Strain Effect in Bilayer 2D-SiC on Electrical, Optical, Phonon, and Thermodynamic Properties",2024,"2024 13th International Conference on Electrical and Computer Engineering …","","","https://scholar.google.com/scholar?oi=bibs&hl=en&cites=18035851997348662460",33,"2026-10-04 14:08:22","Conference paper","","","https://scholar.google.com/citations?view_op=view_citation&hl=en&user=Fu8Hkb4AAAAJ&pagesize=100&citation_for_view=Fu8Hkb4AAAAJ:KxtntwgDAa4C",,,,,2,1.00,1,2,2,"","",""
2,"P Mahmud, KF Supti, SM Choudhury","Lithium niobate photonic topological insulator-based multi-wavelength optical demultiplexer with piezoelectric switch-off",2024,"Optics Express","","","https://scholar.google.com/scholar?oi=bibs&hl=en&cites=6077473480624283443",34,"2026-10-04 14:08:22","Journal article","","","https://scholar.google.com/citations?view_op=view_citation&hl=en&user=Fu8Hkb4AAAAJ&pagesize=100&citation_for_view=Fu8Hkb4AAAAJ:EUQCXRtRnyEC",32,26,45786,45800,2,1.00,1,3,2,"","",""
2,"A Mukit, MSH Bijoy, SM Choudhury, MT Mahmud","Discrete modulated continuous-variable quantum key distribution: security and noise tolerance enhanced by decoy states and effective error correction protocol integration",2023,"2023 IEEE International Conference on Telecommunications and Photonics (ICTP …","","","https://scholar.google.com/scholar?oi=bibs&hl=en&cites=2022103718831957721",35,"2026-10-04 14:08:22","Conference paper","","","https://scholar.google.com/citations?view_op=view_citation&hl=en&user=Fu8Hkb4AAAAJ&pagesize=100&citation_for_view=Fu8Hkb4AAAAJ:dfsIfKJdRG4C",,,,,2,0.67,1,4,3,"","",""
2,"SM Choudhury, A Shaltout, VM Shalaev, AV Kildishev, A Boltasseva","Experimental realization of color hologram using pancharatnam-berry phase manipulating metasurface",2016,"CLEO: QELS_Fundamental Science, FF1D.","","","https://scholar.google.com/scholar?oi=bibs&hl=en&cites=9411093626591658617",36,"2026-10-04 14:08:22","Journal article","","","https://scholar.google.com/citations?view_op=view_citation&hl=en&user=Fu8Hkb4AAAAJ&pagesize=100&citation_for_view=Fu8Hkb4AAAAJ:K3LRdlH-MEoC",8,,,,2,0.20,0,5,10,"","",""
2,"J Kim, B Memarzadeh, A Dutta, SM Choudhury, AV Kildishev, H Mosallaei, ...","GZO/ZnO multilayered nanodisk metasurface to engineer the plasma frequency",2014,"2014 Conference on Lasers and Electro-Optics (CLEO)-Laser Science to …","","","https://scholar.google.com/scholar?oi=bibs&hl=en&cites=17127335088702943366",37,"2026-10-04 14:08:22","Conference paper","","","https://scholar.google.com/citations?view_op=view_citation&hl=en&user=Fu8Hkb4AAAAJ&pagesize=100&citation_for_view=Fu8Hkb4AAAAJ:WF5omc3nYNoC",,,,,2,0.17,0,7,12,"","",""
2,"J Kim, Y Zhao, A Dutta, SM Choudhury, AV Kildishev, A Alu, A Boltasseva","Nanostructured transparent conducting oxide films for polarization control with plasmonic metasurfaces",2014,"CLEO: QELS_Fundamental Science, FF2C.","","","https://scholar.google.com/scholar?oi=bibs&hl=en&cites=11585890882993332255",38,"2026-10-04 14:08:22","Journal article","","","https://scholar.google.com/citations?view_op=view_citation&hl=en&user=Fu8Hkb4AAAAJ&pagesize=100&citation_for_view=Fu8Hkb4AAAAJ:YsMSGLbcyi4C",2,,,,2,0.17,0,7,12,"","",""
1,"DR Nath, S Muneer, SM Choudhury","Hybrid Si–GST polarization-insensitive dynamically tunable bifocal metalens operating at a 1.55 µm wavelength",2026,"Journal of the Optical Society of America B 43 (8), B239-B","","","https://scholar.google.com/scholar?oi=bibs&hl=en&cites=11445463699190747589,16533907746047555920",39,"2026-10-04 14:08:22","Journal article","","","https://scholar.google.com/citations?view_op=view_citation&hl=en&user=Fu8Hkb4AAAAJ&pagesize=100&citation_for_view=Fu8Hkb4AAAAJ:l7t_Zn2s7bgC",250,,,,1,1.00,0,3,1,"","",""
1,"A Sarker, SM Choudhury","Concentric annular-hexagonal plasmonic resonator with nanorod vertices for dual-band absorption in NIR and MIR for sensing applications",2025,"Optics Continuum","","","https://scholar.google.com/scholar?oi=bibs&hl=en&cites=7509655359104638024,497366578881632863",40,"2026-10-04 14:08:22","Journal article","","","https://scholar.google.com/citations?view_op=view_citation&hl=en&user=Fu8Hkb4AAAAJ&pagesize=100&citation_for_view=Fu8Hkb4AAAAJ:nb7KW1ujOQ8C",4,5,1159,1173,1,1.00,1,2,1,"","",""
1,"KR Pritom, ME Karim, SM Choudhury","A polarization insensitive achromatic metalens operating at two wavelengths in visible regime",2023,"2023 IEEE International Conference on Telecommunications and Photonics (ICTP …","","","https://scholar.google.com/scholar?oi=bibs&hl=en&cites=2760408256961761612",41,"2026-10-04 14:08:22","Conference paper","","","https://scholar.google.com/citations?view_op=view_citation&hl=en&user=Fu8Hkb4AAAAJ&pagesize=100&citation_for_view=Fu8Hkb4AAAAJ:cFHS6HbyZ2cC",,,,,1,0.33,0,3,3,"","",""
1,"MAH Bhuiyan, SA Mitu, SM Choudhury","VO2-based All-optical Reflection Modulator for 2μm Wave Band",2023,"2023 IEEE Photonics Conference (IPC)","","","https://scholar.google.com/scholar?oi=bibs&hl=en&cites=8807099710533000875",42,"2026-10-04 14:08:22","Conference paper","","","https://scholar.google.com/citations?view_op=view_citation&hl=en&user=Fu8Hkb4AAAAJ&pagesize=100&citation_for_view=Fu8Hkb4AAAAJ:2P1L_qKh6hAC",,,1,2,1,0.33,0,3,3,"","",""
1,"H Roy, ME Karim, S Mondal, SM Choudhury","Custom gold-patterned rewritable optical disc based plasmonic sensor for blood hemoglobin detection",2022,"Optics Continuum","","","https://scholar.google.com/scholar?oi=bibs&hl=en&cites=17362210563376785320",43,"2026-10-04 14:08:22","Journal article","","","https://scholar.google.com/citations?view_op=view_citation&hl=en&user=Fu8Hkb4AAAAJ&pagesize=100&citation_for_view=Fu8Hkb4AAAAJ:YFjsv_pBGBYC",1,10,2219,2232,1,0.25,0,4,4,"","",""
1,"YF Abed, MAH Bhuiyan, SM Choudhury","T Grating on Nano-Cavity Array based Refractive Index Sensor",2021,"Journal of the Optical Society of America B","","","https://scholar.google.com/scholar?oi=bibs&hl=en&cites=6629664198550665835",44,"2026-10-04 14:08:22","Journal article","","","https://scholar.google.com/citations?view_op=view_citation&hl=en&user=Fu8Hkb4AAAAJ&pagesize=100&citation_for_view=Fu8Hkb4AAAAJ:HDshCWvjkbEC",38,9,2669,2679,1,0.20,0,3,5,"","",""
1,"S Jahan, M Purkayastha, ATMM Elahi, ML Rahman, S Choudhury, ...","Isolation, identification and antibiogram study of bacteria from diarrhoeic goat at selected areas of Sylhet.",2017,"","","","https://scholar.google.com/scholar?oi=bibs&hl=en&cites=2431188374973013780",45,"2026-10-04 14:08:22","","","","https://scholar.google.com/citations?view_op=view_citation&hl=en&user=Fu8Hkb4AAAAJ&pagesize=100&citation_for_view=Fu8Hkb4AAAAJ:OU6Ihb5iCvQC",,,,,1,0.11,0,6,9,"","",""
1,"SM Choudhury","Multiport Analysis of Hexagonal Patch Antenna",2013,"International Journal of Electronics, Computer and Communications …","","","https://scholar.google.com/scholar?oi=bibs&hl=en&cites=12124504859358330178",46,"2026-10-04 14:08:22","Journal article","","","https://scholar.google.com/citations?view_op=view_citation&hl=en&user=Fu8Hkb4AAAAJ&pagesize=100&citation_for_view=Fu8Hkb4AAAAJ:eQOLeE2rZwMC",,,,,1,0.08,1,1,13,"","",""
1,"MA Zaman, M Gaffar, MM Alam, SA Mamun, SM Choudhury, MA Matin","Approximate Closed-Form Expression of the Electric Field of a Conical Horn Antenna",2011,"International Journal of Computer and Electrical Engineering","","","https://scholar.google.com/scholar?oi=bibs&hl=en&cites=4757216157682683893",47,"2026-10-04 14:08:22","Journal article","","","https://scholar.google.com/citations?view_op=view_citation&hl=en&user=Fu8Hkb4AAAAJ&pagesize=100&citation_for_view=Fu8Hkb4AAAAJ:zYLM7Y9cAGgC",3,1,48,54,1,0.07,0,6,15,"","",""
1,"M Gaffar, SM Choudhury, MA Zaman, MI Momtaz, MS Alam, MA Matin","Sensitivity analysis of a circularly polarized U-slot microstrip antenna",2010,"International Conference on Electrical &Computer Engineering (ICECE 2010 …","","","https://scholar.google.com/scholar?oi=bibs&hl=en&cites=18221437120184121424",48,"2026-10-04 14:08:22","Conference paper","","","https://scholar.google.com/citations?view_op=view_citation&hl=en&user=Fu8Hkb4AAAAJ&pagesize=100&citation_for_view=Fu8Hkb4AAAAJ:Tyk-4Ss8FVUC",,,,,1,0.06,0,6,16,"","",""
1,"SM Choudhury, M Gaffar, MA Zaman, MA Matin","Design of an X band aperture matched horn antenna by optimization of back-lobe and cross-polarization level",2010,"International Conference on Electrical &Computer Engineering (ICECE 2010 …","","","https://scholar.google.com/scholar?oi=bibs&hl=en&cites=1454016039563749696",49,"2026-10-04 14:08:22","Conference paper","","","https://scholar.google.com/citations?view_op=view_citation&hl=en&user=Fu8Hkb4AAAAJ&pagesize=100&citation_for_view=Fu8Hkb4AAAAJ:IjCSPb-OGe4C",,,,,1,0.06,0,4,16,"","",""
0,"SZ Bihan, AK Choudhury, SM Choudhury","Steane [[7, 1, 3]] outer coding for loss-tolerant one-way quantum repeaters",2026,"Quantum Information Processing","","","https://scholar.google.com",50,"2026-10-04 14:08:22","Journal article","","","https://scholar.google.com/citations?view_op=view_citation&hl=en&user=Fu8Hkb4AAAAJ&pagesize=100&citation_for_view=Fu8Hkb4AAAAJ:08ZZubdj9fEC",25,9,301,301,0,0.00,0,3,1,"","",""
0,"MAS Shakil, SM Choudhury","Half-Adder and Full-Adder Implementation with Continuous Variable Quantum Gates in a Photonic Quantum Computer",2025,"2025 International Conference on Quantum Photonics, Artificial Intelligence …","","","https://scholar.google.com",51,"2026-10-04 14:08:22","Conference paper","","","https://scholar.google.com/citations?view_op=view_citation&hl=en&user=Fu8Hkb4AAAAJ&pagesize=100&citation_for_view=Fu8Hkb4AAAAJ:SP6oXDckpogC",,,,,0,0.00,0,2,1,"","",""
0,"MM Haque, SM Choudhury","Towards High-Performance Quantum-Based LEDs: Optoelectronic Modulation of 2D Silicon Carbide for Tunable and Efficient White Light Emission",2025,"2025 Photonics &Electromagnetics Research Symposium-Spring (PIERS-Spring)","","","https://scholar.google.com",52,"2026-10-04 14:08:22","Conference paper","","","https://scholar.google.com/citations?view_op=view_citation&hl=en&user=Fu8Hkb4AAAAJ&pagesize=100&citation_for_view=Fu8Hkb4AAAAJ:738O_yMBCRsC",,,1,8,0,0.00,0,2,1,"","",""
0,"SM Choudhury, ME Karim, MR Karim, NS Yamin","Integrating Deep Learning and Topology Optimization for Next-Generation Nanophotonic Devices",2025,"2025 Photonics &Electromagnetics Research Symposium-Spring (PIERS-Spring)","","","https://scholar.google.com",53,"2026-10-04 14:08:22","Conference paper","","","https://scholar.google.com/citations?view_op=view_citation&hl=en&user=Fu8Hkb4AAAAJ&pagesize=100&citation_for_view=Fu8Hkb4AAAAJ:WbkHhVStYXYC",,,1,10,0,0.00,0,4,1,"","",""
0,"NS Yamin, SM Choudhury","Valley Photonic Topological Insulator for Fluorescence Endoscopy",2025,"2025 Photonics &Electromagnetics Research Symposium-Spring (PIERS-Spring …","","","https://scholar.google.com",54,"2026-10-04 14:08:22","Conference paper","","","https://scholar.google.com/citations?view_op=view_citation&hl=en&user=Fu8Hkb4AAAAJ&pagesize=100&citation_for_view=Fu8Hkb4AAAAJ:Tiz5es2fbqcC",,,,,0,0.00,0,2,1,"","",""
0,"MAH Bhuiyan, P Das, SM Choudhury","Polarization insensitive electrically reconfigurable meta-lens for the 2 µm wavelength",2024,"Optical Materials Express","","","https://scholar.google.com",55,"2026-10-04 14:08:22","Journal article","","","https://scholar.google.com/citations?view_op=view_citation&hl=en&user=Fu8Hkb4AAAAJ&pagesize=100&citation_for_view=Fu8Hkb4AAAAJ:NhqRSupF_l8C",14,12,2830,2843,0,0.00,0,3,2,"","",""
0,"MT Alam, Y Mahmud, ZJ Nikita, SM Choudhury","Gesture Controlled Bot with Temperature &Humidity (TH) Sensing Features",2024,"2024 2nd International Conference on Information and Communication …","","","https://scholar.google.com",56,"2026-10-04 14:08:22","Conference paper","","","https://scholar.google.com/citations?view_op=view_citation&hl=en&user=Fu8Hkb4AAAAJ&pagesize=100&citation_for_view=Fu8Hkb4AAAAJ:1sJd4Hv_s6UC",,,,,0,0.00,0,4,2,"","",""
0,"S Sarkar, SM Choudhury","Design and Performance Analysis of a c-Si Thin-Film Solar Cell Using Plasmonic Ag Nanostructures",2023,"2023 IEEE International Conference on Telecommunications and Photonics (ICTP …","","","https://scholar.google.com",57,"2026-10-04 14:08:22","Conference paper","","","https://scholar.google.com/citations?view_op=view_citation&hl=en&user=Fu8Hkb4AAAAJ&pagesize=100&citation_for_view=Fu8Hkb4AAAAJ:4OULZ7Gr8RgC",,,,,0,0.00,0,2,3,"","",""
0,"SA Khan, ST Azad, T Mondal, AJB Iqbal, SM Choudhury","Development of an Internet of Things based Bangla Calendar Clock",2023,"2023 26th International Conference on Computer and Information Technology …","","","https://scholar.google.com",58,"2026-10-04 14:08:22","Conference paper","","","https://scholar.google.com/citations?view_op=view_citation&hl=en&user=Fu8Hkb4AAAAJ&pagesize=100&citation_for_view=Fu8Hkb4AAAAJ:ZHo1McVdvXMC",,,,,0,0.00,0,5,3,"","",""
0,"MD Ehsanul, SM Choudhury","Reconfigurable broadband metasurface with switchable functionalities in the visible range",2023,"","Optica Publishing Group (formerly OSA)","","https://scholar.google.com",59,"2026-10-04 14:08:22","Book","","","https://scholar.google.com/citations?view_op=view_citation&hl=en&user=Fu8Hkb4AAAAJ&pagesize=100&citation_for_view=Fu8Hkb4AAAAJ:tOudhMTPpwUC",,,,,0,0.00,0,2,3,"","",""
0,"E Marinero-Caceres, A Toppo, S Choudhury, U Guler, Z Kudyshev, ...","Thermophotovoltaic system and method of making the same",2021,"US Patent App. 16/865,192","","","https://scholar.google.com",60,"2026-10-04 14:08:22","Patent","","","https://scholar.google.com/citations?view_op=view_citation&hl=en&user=Fu8Hkb4AAAAJ&pagesize=100&citation_for_view=Fu8Hkb4AAAAJ:isC4tDSrTZIC",,,,,0,0.00,0,6,5,"","",""
0,"LJ Prokopeva, H Jiang, AV Kildishev, D Wang, SM Choudhury","Computationally efficient surface conductivity graphene model for tunable graphene-based devices (Conference Presentation)",2020,"2D Photonic Materials and Devices III 11282, 112820W","","","https://scholar.google.com",61,"2026-10-04 14:08:22","","","","https://scholar.google.com/citations?view_op=view_citation&hl=en&user=Fu8Hkb4AAAAJ&pagesize=100&citation_for_view=Fu8Hkb4AAAAJ:mVmsd5A6BfQC",,,,,0,0.00,0,5,6,"","",""
0,"SM Choudhury","Wavefront Manipulation with Metasurfaces Based on New Materials",2019,"Purdue University Graduate School","","","https://scholar.google.com",62,"2026-10-04 14:08:22","","","","https://scholar.google.com/citations?view_op=view_citation&hl=en&user=Fu8Hkb4AAAAJ&pagesize=100&citation_for_view=Fu8Hkb4AAAAJ:4DMP91E08xMC",,,,,0,0.00,0,1,7,"","",""
0,"ZA Kudyshev, LJ Prokopeva, M Song, SM Choudhury, AV Kildishev","Bi-anisotropic homogenization for efficient metasurface design",2018,"2018 International Applied Computational Electromagnetics Society Symposium …","","","https://scholar.google.com",63,"2026-10-04 14:08:22","Conference paper","","","https://scholar.google.com/citations?view_op=view_citation&hl=en&user=Fu8Hkb4AAAAJ&pagesize=100&citation_for_view=Fu8Hkb4AAAAJ:3fE2CSJIrl8C",,,,,0,0.00,0,5,8,"","",""
0,"SM Choudhury, VA Zenin, S Saha, VM Shalaev, S Bozhevolnyi, ...","Novel hard mask fabrication method for hybrid plasmonic waveguide and metasurfaces",2017,"Laser Science, JTu2A.","","","https://scholar.google.com",64,"2026-10-04 14:08:22","Journal article","","","https://scholar.google.com/citations?view_op=view_citation&hl=en&user=Fu8Hkb4AAAAJ&pagesize=100&citation_for_view=Fu8Hkb4AAAAJ:8k81kl-MbHgC",12,,,,0,0.00,0,6,9,"","",""
0,"SML Kabir, MS Hussain, SM Choudhury, AH Chowdhury","Developing A Low-Cost Multiple Motor Switched Photovoltaic Powered Irrigation System",2011,"Proceedings of the 3rd International Conference on Water and Flood …","","","https://scholar.google.com",65,"2026-10-04 14:08:22","Conference paper","","","https://scholar.google.com/citations?view_op=view_citation&hl=en&user=Fu8Hkb4AAAAJ&pagesize=100&citation_for_view=Fu8Hkb4AAAAJ:P5F9QuxV20EC",,,,,0,0.00,0,4,15,"","",""
0,"SM Choudhury","Design of a fractal antenna based on hexaflake fractal structure",2011,"Department of Electrical and Electronic Engineering (EEE)","","","https://scholar.google.com",66,"2026-10-04 14:08:22","","","","https://scholar.google.com/citations?view_op=view_citation&hl=en&user=Fu8Hkb4AAAAJ&pagesize=100&citation_for_view=Fu8Hkb4AAAAJ:aqlVkmm33-oC",,,,,0,0.00,0,1,15,"","",""
