<?xml version="1.0" encoding="utf-8" standalone="yes"?><rss version="2.0" xmlns:atom="http://www.w3.org/2005/Atom"><channel><title>Deesha Shah | Q-PACERS (DSMC-RG)</title><link>https://sajid.buet.ac.bd/author/deesha-shah/</link><atom:link href="https://sajid.buet.ac.bd/author/deesha-shah/index.xml" rel="self" type="application/rss+xml"/><description>Deesha Shah</description><generator>Hugo Blox Builder (https://hugoblox.com)</generator><language>en-us</language><lastBuildDate>Tue, 01 Jan 2019 00:00:00 +0000</lastBuildDate><image><url>https://sajid.buet.ac.bd/media/icon_hu_f05efc27037f3153.png</url><title>Deesha Shah</title><link>https://sajid.buet.ac.bd/author/deesha-shah/</link></image><item><title>Modulating Phase by Metasurfaces with Gated Ultra-thin TiN Films</title><link>https://sajid.buet.ac.bd/publication/j-011/</link><pubDate>Tue, 01 Jan 2019 00:00:00 +0000</pubDate><guid>https://sajid.buet.ac.bd/publication/j-011/</guid><description/></item></channel></rss>