<?xml version="1.0" encoding="utf-8" standalone="yes"?><rss version="2.0" xmlns:atom="http://www.w3.org/2005/Atom"><channel><title>Graphics | Q-PACERS (DSMC-RG)</title><link>https://sajid.buet.ac.bd/outreach/graphics/</link><atom:link href="https://sajid.buet.ac.bd/outreach/graphics/index.xml" rel="self" type="application/rss+xml"/><description>Graphics</description><generator>Hugo Blox Builder (https://hugoblox.com)</generator><language>en-us</language><image><url>https://sajid.buet.ac.bd/media/icon_hu_f05efc27037f3153.png</url><title>Graphics</title><link>https://sajid.buet.ac.bd/outreach/graphics/</link></image></channel></rss>