<?xml version="1.0" encoding="utf-8" standalone="yes"?><rss version="2.0" xmlns:atom="http://www.w3.org/2005/Atom"><channel><title>Outreach | Q-PACERS (DSMC-RG)</title><link>https://sajid.buet.ac.bd/outreach/</link><atom:link href="https://sajid.buet.ac.bd/outreach/index.xml" rel="self" type="application/rss+xml"/><description>Outreach</description><generator>Hugo Blox Builder (https://hugoblox.com)</generator><language>en-us</language><lastBuildDate>Sun, 07 Jul 2024 00:00:00 +0000</lastBuildDate><image><url>https://sajid.buet.ac.bd/media/icon_hu_f05efc27037f3153.png</url><title>Outreach</title><link>https://sajid.buet.ac.bd/outreach/</link></image><item><title>Hobbies</title><link>https://sajid.buet.ac.bd/outreach/hobbies/</link><pubDate>Mon, 01 Jan 0001 00:00:00 +0000</pubDate><guid>https://sajid.buet.ac.bd/outreach/hobbies/</guid><description>&lt;h4 id="photography">Photography&lt;/h4>
&lt;p>I used to be a photography enthusiast with my Nikon D5100. Now, mostly I would just use my iphone to capture photos. &lt;a href="https://www.flickr.com/photos/50626594@N00" target="_blank" rel="noopener">Flickr &lt;i class="fa fa-flickr">&lt;/i>&lt;/a>.&lt;/p>
&lt;h4 id="music">Music&lt;/h4>
&lt;p>I taught my self to play guitar and still trying to improve my skills. I try to tab different Bangla songs as I learn them and upload them online. &lt;a href="https://www.ultimate-guitar.com/u/sajidmc" target="_blank" rel="noopener">Ultimate Guitar &lt;i class="fa fa-music">&lt;/i>&lt;/a> | &lt;a href="https://www.youtube.com/user/barbaricattax" target="_blank" rel="noopener">YouTube &lt;i class="fa fa-youtube">&lt;/i>&lt;/a>&lt;/p>
&lt;h4 id="website-development">Website Development&lt;/h4>
&lt;p>I also like to hack PHP and html files for web development. I had created the new version of the &lt;a href="http://eee.buet.ac.bd" target="_blank" rel="noopener">Department of EEE&lt;/a> website with Joomla. &lt;a href="http://www.bas.org.bd/credits" target="_blank" rel="noopener">Bangladesh Academy of Sciences&lt;/a>, &lt;a href="http://www.bdsapurdue.org" target="_blank" rel="noopener">Purdue BDSA&lt;/a>, &lt;a href="https://engineering.purdue.edu/NSAC" target="_blank" rel="noopener">Nanotechnology Student Advisory Council&lt;/a> are some of the websites that I made. My current website is based on &lt;a href="http://picocms.org/" target="_blank" rel="noopener">PicoCMS&lt;/a>.&lt;/p>
&lt;p>Currently, I maintain the following web projects:&lt;/p>
&lt;p>The website of the Department of EEE, BUET, made with GravCMS. I had to program 3-4 custom plugins for the website using PHP/CSS:
&lt;a href="http://eee.buet.ac.bd/" target="_blank" rel="noopener">eee.buet.ac.bd&lt;/a>&lt;/p>
&lt;p>My father, Late Dr. Naiyyum Choudhury&amp;rsquo;s remembrance and his works are hosted here:
&lt;a href="http://naiyyum.choudhury.cc" target="_blank" rel="noopener">naiyyum.choudhury.cc&lt;/a>&lt;/p>
&lt;p>My brother-in-law, Dr. Shakil Farid&amp;rsquo;s website:
&lt;a href="http://www.shakilfarid.com" target="_blank" rel="noopener">shakilfarid.com&lt;/a>&lt;/p></description></item><item><title>LOR Request</title><link>https://sajid.buet.ac.bd/outreach/lor/</link><pubDate>Mon, 01 Jan 0001 00:00:00 +0000</pubDate><guid>https://sajid.buet.ac.bd/outreach/lor/</guid><description>&lt;h3 id="foreword">Foreword&lt;/h3>
&lt;p>Letter of recommendation is a necessity to advance in your career. It brings me utmost joy to see our students succeed in life, and is always a pleasure to give recommendation letter to potential applicants for job or higher studies.&lt;/p>
&lt;p>Please remember that I can only address your accomplishments that &lt;span style="color:red">I was actively involved in&lt;/span>. Ask yourself if I would be the right person to judge your research aptitude and skills. I will try to give an &lt;strong>honest&lt;/strong> and &lt;strong>impartial&lt;/strong> assessment, so also ask yourself if my recommendation would &lt;strong>help&lt;/strong> or &lt;strong>hurt&lt;/strong> your chances of succeeding.&lt;/p>
&lt;p>Note: &lt;span style="color:red">If you enrolled in Masters in BUET, and have dropped out / have F grades in courses, that will also be mentioned in your LOR.&lt;/span> We have to comment about the motivation of the student, so you can guess what the response of that question will be in such a case.&lt;/p>
&lt;h3 id="criteria-for-getting-recommendation">&lt;a id="criteria">&lt;/a> Criteria for Getting Recommendation&lt;/h3>
&lt;p>you &lt;span style="color:red">MUST&lt;/span> meet at least one of the following descriptions/criteria before you try to make an appointment with me for recommendation request.&lt;/p>
&lt;ol>
&lt;li>You performed MSc/PhD research work under my supervision&lt;/li>
&lt;li>Final year thesis/project completed under my supervision&lt;/li>
&lt;li>Performed some kind of project work under my guidance/in collaboration that resulted in a peer-reveiewed publication&lt;/li>
&lt;li>You successfully completed my graduate level course&lt;/li>
&lt;li>You are a colleague / part-time faculty member who directly took any class with me&lt;/li>
&lt;li>I taught a final-year lab course that you successfully completed, and demonstrated a good project &lt;sup>1&lt;/sup>&lt;/li>
&lt;li>I served as a member in your MSc/PhD examination committee&lt;/li>
&lt;li>I was an external examiner of your Final year thesis/project&lt;/li>
&lt;li>My undergraduate advisee &lt;sup>&lt;/sup>&lt;/li>
&lt;/ol>
&lt;p>** for serial number 6 and above, I will only give LORs to schools that have application deadline on or AFTER December 15th of the calendar year. Kindly refrain from requesting LORs for other schools**&lt;/p>
&lt;p>&lt;sup>1&lt;/sup> based on sessional course project alone, it is diffcult to judge your motivation. However, if a project from a theory/lab course was truly exceptional, and resulted in a publication with my approval, I will be happy to recommend you based on your capacity to perform original research/review. Only for final-year lab-course, if I was directly assigned to your section, AND you completed a project successfully in that course, I can recommend you based on your output and ability to solve complex Engineering Problem.&lt;/p>
&lt;p>Simply taking an undergraduate theory course does not give the instructor sufficient capacity to judge the research aptitude of a student. As such, if you only interacted with me as a student in my theory course, unfortunately, I will not be in a position to recommend you.&lt;/p>
&lt;p>If you are currently enrolled in BUET MSc program under my supervision, please consult with me before applying. Also, consider not adding me as a recommender if your research progress is unsatisfactory. For students enrolled under other faculty members, I will only recommend you only if your current supervisor recommends. You should attach a copy of the consent in the email, otherwise I will have to personally call and confirm with him/her before giving the LOR.&lt;/p>
&lt;h4 id="list-of-eligible-students">List of Eligible Students&lt;/h4>
&lt;p>For convenience, I am explicitly listing students who only did my only undergraduate class and would be eligible for LOR. Other students are requested not to send me an email.&lt;/p>
&lt;ul>
&lt;li>16 Batch - EEE 416 A1 &amp;amp; A2 (Student ID 001-065)&lt;/li>
&lt;li>17 Batch - EEE 416 A1 &amp;amp; A2 (Student ID 001-065)&lt;/li>
&lt;li>18 Batch - EEE 416 A2 (Student ID 033-065)&lt;/li>
&lt;li>19 Batch - 151-180 (advisee), EEE 416 (Student ID 001-33, 131-163)&lt;/li>
&lt;/ul>
&lt;h3 id="limit-of-lor-request">Limit of LOR Request&lt;/h3>
&lt;p>For my direct thesis students (undergraduate, Masters or PhD) there is no upper limit to giving LORs. For other cases, the number of LOR will be limited to 5.&lt;/p>
&lt;h3 id="waiver-of-access">Waiver of Access&lt;/h3>
&lt;p>In order to receive a LOR from me, you &lt;strong>must Waive the right to access&lt;/strong> to what I write. If you do not waive your access, I would also &lt;strong>decline&lt;/strong> to recommend you. I believe you should only get my recommendation if you trust my judgement sufficiently. I will, however, tell you in person, if I cannot give you a positive recommendation.&lt;/p>
&lt;p>If I find that the waiver is not done in an LOR form, I will copy paste the following text in the LOR form:&lt;/p>
&lt;span style="color:red">
"The detailed policy of my LOR is elaborated in my website https://sajid.buet.ac.bd/outreach/LOR, and the candidate still chose the option of not waiving the right to access this report.
&lt;/span>
&lt;span style="color:red">
Since the applicant did not waive the right to access this report, I hereby decline to give a Letter of Recommendation. "
&lt;/span>
&lt;h3 id="steps-to-get-lor">Steps to Get LOR:&lt;/h3>
&lt;ol>
&lt;li>
&lt;p>Firstly go above to &lt;a href="#criteria">Criteria for Getting Recommendation&lt;/a> to check if you are eligible to get a LOR from me. If not I might not respond to your email, or just decline to recommend you.&lt;/p>
&lt;/li>
&lt;li>
&lt;p>If you are eligible to get a LOR, Please download and fill up the &lt;a href="%5cdownloads%5cLOR_Request_Form.docx">LOR_Request_Form.docx&lt;/a> with your information.&lt;/p>
&lt;/li>
&lt;li>
&lt;p>In a single email, please send the following documents:&lt;/p>
&lt;ul>
&lt;li>completed LOR_Request_Form.docx&lt;/li>
&lt;li>Your transcript (if CGPA mentioning is needed)&lt;/li>
&lt;li>Your CV (Preferrably in this format: &lt;a href="%5cdownloads%5cCV-template.docx">CV Template&lt;/a>&lt;/li>
&lt;/ul>
&lt;/li>
&lt;/ol>
&lt;p>In the body of the email, please again write information of the form, upto point 4, and request for the Letter of Recommendation&lt;/p>
&lt;p>_If you do not email me properly, I will simply copy and send the following text (keeping it here for my convenience, so that I can copy/paste it.) _&lt;/p>
&lt;h4 id="reply-template-for-ineligible-students">Reply template for ineligible students&lt;/h4>
&lt;span style="color:black">
Dear X, &lt;br/> Thank you very much for your email. If you could kindly go to my website [https://sajid.buet.ac.bd/outreach/LOR](https://sajid.buet.ac.bd/outreach/LOR) and first check if you are eligible to receive an LOR from me. If you are eligible, please fill out the [LOR Request form](https://sajid.buet.ac.bd/downloads/LOR_Request_Form.docx) and send me the email again. &lt;br/>Thank you&lt;/span>
&lt;h4 id="reply-template-for-eligible-students">Reply template for eligible students&lt;/h4>
&lt;span style="color:black">
Dear X, &lt;br/> Thank you very much for your email. If you could kindly go to my website [https://sajid.buet.ac.bd/outreach/LOR](https://sajid.buet.ac.bd/outreach/LOR) and, please fill out the [LOR Request form](https://sajid.buet.ac.bd/downloads/LOR_Request_Form.docx) and send me the email again. I will confirm receipt of the email. Start adding my email after my confirmation.
&lt;br/> Once you finish submitting all LORs, kindly email and let me know, again, and I will try to submit all of your LORs in one go. You do not need to send me a draft LOR, just the form is sufficient.
&lt;br/> For students enrolled under other faculty members, I will only recommend you only if your current supervisor recommends. You should attach a copy of the consent in the email, otherwise I will have to personally call and confirm with him/her before giving the LOR.
&lt;br/>Thank you&lt;/span>
&lt;ol start="4">
&lt;li>
&lt;p>Once I give you consent to give LOR by replying to your email, you may put my official email address sajid(at)eee.buet.ac.bd in the application portal.&lt;/p>
&lt;/li>
&lt;li>
&lt;p>For convenience, please submit the LOR request of ALL the universities at once. It is much easier for me to finish the LOR submission process in one sitting.&lt;/p>
&lt;/li>
&lt;li>
&lt;p>If I forget to submit the LOR, please send me an email reminder 1 day before the deadline.&lt;/p>
&lt;/li>
&lt;/ol></description></item><item><title>Poems</title><link>https://sajid.buet.ac.bd/outreach/poetry/</link><pubDate>Mon, 01 Jan 0001 00:00:00 +0000</pubDate><guid>https://sajid.buet.ac.bd/outreach/poetry/</guid><description>&lt;link href="https://fonts.googleapis.com/css?family=Galada:400,400i,700,700i&amp;display=swap&amp;subset=bengali" rel="stylesheet">
&lt;h4 id="শনতর-সনধন">শান্তির সন্ধানে&lt;/h4>
&lt;p>তান্ত্রিক জগতটার তন্দ্রা ছিড়ে&lt;/p>
&lt;p>শকুনীর হিংস্র চোখের ফাঁদ চিরে&lt;/p>
&lt;p>বাধ ভাঙ্গার উল্লাসে ওঠো মেতে,&lt;/p>
&lt;p>ঝঞ্ঝা মাতোয়ারা এ রক্তিম ধরণীতে।&lt;/p>
&lt;p>অশান্ত ধরায় যত ভয়াল দানব,&lt;/p>
&lt;p>খঞ্জরের শিঞ্জনে আজ শিহরিত মানব!&lt;/p>
&lt;p>রক্তের হোলিতে মেতেছে জন্তু জানব-&lt;/p>
&lt;p>পিঞ্জর ভেঙ্গে ছুটে যাও শান্তির ঝান্ডা নেড়ে।&lt;/p>
&lt;p>রণাঙ্গনের কলরবে পরিশ্রান্ত এ ধরা&lt;/p>
&lt;p>যুদ্ধের দামামা আর শুনতে চায়না তারা&lt;/p>
&lt;p>সাদা পতাকা, সাদা পায়রা, হোক না উড্ডীন&lt;/p>
&lt;p>পিশাচীর যত রক্তপিপাসা, হয়ে যেতে দাও লীন।&lt;/p>
&lt;h4 id="বলদশর-সনট">বাংলাদেশের সনেট&lt;/h4>
&lt;p>কত পাখি চিরকাল এসে গায় গান,&lt;/p>
&lt;p>আর কত সবুজ এই বাংলাদেশ!&lt;/p>
&lt;p>রূপের যেন তার নেই কোনও শেষ-&lt;/p>
&lt;p>বাংলার রূপ করিল মন হরণ ।&lt;/p>
&lt;p>উত্তরে তার এক ভংগিল পর্বত,&lt;/p>
&lt;p>দক্ষিণে সাগরের জলের টলমল,&lt;/p>
&lt;p>চারিদিকে শুধু গাঢ় সবুজের ঢল,&lt;/p>
&lt;p>আর আছে খাল বিল নদী শতশত।&lt;/p>
&lt;p>গ্রীষ্মে যে তার এক রুদ্র ভয়াল রূপ,&lt;/p>
&lt;p>বর্ষা এসে ধোয়ায় তার দুই চরণ,&lt;/p>
&lt;p>শরতে যে আছে স্নিগ্ধ কোমল স্বরূপ,&lt;/p>
&lt;p>হেমন্তে তার অপূর্ব আশ্চর্জ খেয়াল,&lt;/p>
&lt;p>শীতে তার লৌহতুল্য কঠিন গড়ন,&lt;/p>
&lt;p>বসন্তে সে শোভাময়, সজীব সরস।&lt;/p></description></item></channel></rss>