<?xml version="1.0" encoding="utf-8" standalone="yes"?><rss version="2.0" xmlns:atom="http://www.w3.org/2005/Atom"><channel><title>Arrayed Waveguide Gratings; Lithium Niobate; Material Properties; Photonic Crystals; Photonic Integrated Circuits; Thin Films | Q-PACERS (DSMC-RG)</title><link>https://sajid.buet.ac.bd/tags/arrayed-waveguide-gratings-lithium-niobate-material-properties-photonic-crystals-photonic-integrated-circuits-thin-films/</link><atom:link href="https://sajid.buet.ac.bd/tags/arrayed-waveguide-gratings-lithium-niobate-material-properties-photonic-crystals-photonic-integrated-circuits-thin-films/index.xml" rel="self" type="application/rss+xml"/><description>Arrayed Waveguide Gratings; Lithium Niobate; Material Properties; Photonic Crystals; Photonic Integrated Circuits; Thin Films</description><generator>Hugo Blox Builder (https://hugoblox.com)</generator><language>en-us</language><lastBuildDate>Sun, 01 Dec 2024 00:00:00 +0000</lastBuildDate><image><url>https://sajid.buet.ac.bd/media/icon_hu_f05efc27037f3153.png</url><title>Arrayed Waveguide Gratings; Lithium Niobate; Material Properties; Photonic Crystals; Photonic Integrated Circuits; Thin Films</title><link>https://sajid.buet.ac.bd/tags/arrayed-waveguide-gratings-lithium-niobate-material-properties-photonic-crystals-photonic-integrated-circuits-thin-films/</link></image><item><title>Lithium niobate photonic topological insulator-based multi-wavelength optical demultiplexer with piezoelectric switch-off</title><link>https://sajid.buet.ac.bd/publication/j-021/</link><pubDate>Sun, 01 Dec 2024 00:00:00 +0000</pubDate><guid>https://sajid.buet.ac.bd/publication/j-021/</guid><description/></item></channel></rss>