<?xml version="1.0" encoding="utf-8" standalone="yes"?><rss version="2.0" xmlns:atom="http://www.w3.org/2005/Atom"><channel><title>Costs;Reactive Power;Signal Design;Switched Capacitor Circuits;Logic Devices;Application Specific Integrated Circuits;Load Modeling;Switching Circuits;Logic Circuits;Microcontrollers | Q-PACERS (DSMC-RG)</title><link>https://sajid.buet.ac.bd/tags/costsreactive-powersignal-designswitched-capacitor-circuitslogic-devicesapplication-specific-integrated-circuitsload-modelingswitching-circuitslogic-circuitsmicrocontrollers/</link><atom:link href="https://sajid.buet.ac.bd/tags/costsreactive-powersignal-designswitched-capacitor-circuitslogic-devicesapplication-specific-integrated-circuitsload-modelingswitching-circuitslogic-circuitsmicrocontrollers/index.xml" rel="self" type="application/rss+xml"/><description>Costs;Reactive Power;Signal Design;Switched Capacitor Circuits;Logic Devices;Application Specific Integrated Circuits;Load Modeling;Switching Circuits;Logic Circuits;Microcontrollers</description><generator>Hugo Blox Builder (https://hugoblox.com)</generator><language>en-us</language><lastBuildDate>Tue, 01 Jan 2008 00:00:00 +0000</lastBuildDate><image><url>https://sajid.buet.ac.bd/media/icon_hu_f05efc27037f3153.png</url><title>Costs;Reactive Power;Signal Design;Switched Capacitor Circuits;Logic Devices;Application Specific Integrated Circuits;Load Modeling;Switching Circuits;Logic Circuits;Microcontrollers</title><link>https://sajid.buet.ac.bd/tags/costsreactive-powersignal-designswitched-capacitor-circuitslogic-devicesapplication-specific-integrated-circuitsload-modelingswitching-circuitslogic-circuitsmicrocontrollers/</link></image><item><title>Design and implementation of a low cost Power Factor Improvement device</title><link>https://sajid.buet.ac.bd/publication/c-001/</link><pubDate>Tue, 01 Jan 2008 00:00:00 +0000</pubDate><guid>https://sajid.buet.ac.bd/publication/c-001/</guid><description/></item></channel></rss>