<?xml version="1.0" encoding="utf-8" standalone="yes"?><rss version="2.0" xmlns:atom="http://www.w3.org/2005/Atom"><channel><title>Berry Phase; CCD Cameras; Electron Beam Lithography; Holograms; Light Sources; Optical Filters | Q-PACERS (DSMC-RG)</title><link>https://sajid.buet.ac.bd/tags/berry-phase-ccd-cameras-electron-beam-lithography-holograms-light-sources-optical-filters/</link><atom:link href="https://sajid.buet.ac.bd/tags/berry-phase-ccd-cameras-electron-beam-lithography-holograms-light-sources-optical-filters/index.xml" rel="self" type="application/rss+xml"/><description>Berry Phase; CCD Cameras; Electron Beam Lithography; Holograms; Light Sources; Optical Filters</description><generator>Hugo Blox Builder (https://hugoblox.com)</generator><language>en-us</language><lastBuildDate>Fri, 01 Jan 2016 00:00:00 +0000</lastBuildDate><image><url>https://sajid.buet.ac.bd/media/icon_hu_f05efc27037f3153.png</url><title>Berry Phase; CCD Cameras; Electron Beam Lithography; Holograms; Light Sources; Optical Filters</title><link>https://sajid.buet.ac.bd/tags/berry-phase-ccd-cameras-electron-beam-lithography-holograms-light-sources-optical-filters/</link></image><item><title>Experimental Realization of Color Hologram Using Pancharatnam-Berry Phase Manipulating Metasurface</title><link>https://sajid.buet.ac.bd/publication/c-014/</link><pubDate>Fri, 01 Jan 2016 00:00:00 +0000</pubDate><guid>https://sajid.buet.ac.bd/publication/c-014/</guid><description/></item></channel></rss>