<?xml version="1.0" encoding="utf-8" standalone="yes"?><rss version="2.0" xmlns:atom="http://www.w3.org/2005/Atom"><channel><title>Md M Alam | Q-PACERS (DSMC-RG)</title><link>https://sajid.buet.ac.bd/author/Md-M-Alam/</link><atom:link href="https://sajid.buet.ac.bd/author/Md-M-Alam/index.xml" rel="self" type="application/rss+xml"/><description>Md M Alam</description><generator>Hugo Blox Builder (https://hugoblox.com)</generator><language>en-us</language><lastBuildDate>Sat, 01 Jan 2011 00:00:00 +0000</lastBuildDate><image><url>https://sajid.buet.ac.bd/media/icon_hu_f05efc27037f3153.png</url><title>Md M Alam</title><link>https://sajid.buet.ac.bd/author/Md-M-Alam/</link></image><item><title>Phased Array Synthesis Using Modified Particle Swarm Optimization</title><link>https://sajid.buet.ac.bd/bn/publication/j-003/</link><pubDate>Sat, 01 Jan 2011 00:00:00 +0000</pubDate><guid>https://sajid.buet.ac.bd/bn/publication/j-003/</guid><description/></item><item><title>Phased Array Synthesis Using Modified Particle Swarm Optimization</title><link>https://sajid.buet.ac.bd/publication/j-003/</link><pubDate>Sat, 01 Jan 2011 00:00:00 +0000</pubDate><guid>https://sajid.buet.ac.bd/publication/j-003/</guid><description/></item></channel></rss>