<?xml version="1.0" encoding="utf-8" standalone="yes"?><rss version="2.0" xmlns:atom="http://www.w3.org/2005/Atom"><channel><title>Abu Md. Raihan | Q-PACERS (DSMC-RG)</title><link>https://sajid.buet.ac.bd/author/Abu-Md.-Raihan/</link><atom:link href="https://sajid.buet.ac.bd/author/Abu-Md.-Raihan/index.xml" rel="self" type="application/rss+xml"/><description>Abu Md. Raihan</description><generator>Hugo Blox Builder (https://hugoblox.com)</generator><language>en-us</language><image><url>https://sajid.buet.ac.bd/author/Abu-Md.-Raihan/avatar_hu_3c595f86a4273a70.jpeg</url><title>Abu Md. Raihan</title><link>https://sajid.buet.ac.bd/author/Abu-Md.-Raihan/</link></image><item><title>Abu Md. Raihan</title><link>https://sajid.buet.ac.bd/author/Abu-Md.-Raihan/</link><pubDate>Mon, 01 Jan 0001 00:00:00 +0000</pubDate><guid>https://sajid.buet.ac.bd/author/Abu-Md.-Raihan/</guid><description/></item></channel></rss>