<?xml version="1.0" encoding="utf-8" standalone="yes"?><rss version="2.0" xmlns:atom="http://www.w3.org/2005/Atom"><channel><title>Md a Matin | Q-PACERS / কিউ-প্যাকার্স</title><link>https://sajid.buet.ac.bd/bn/author/Md-a-Matin/</link><atom:link href="https://sajid.buet.ac.bd/bn/author/Md-a-Matin/index.xml" rel="self" type="application/rss+xml"/><description>Md a Matin</description><generator>Hugo Blox Builder (https://hugoblox.com)</generator><language>bn</language><lastBuildDate>Sat, 01 Jan 2011 00:00:00 +0000</lastBuildDate><image><url>https://sajid.buet.ac.bd/media/icon_hu_f05efc27037f3153.png</url><title>Md a Matin</title><link>https://sajid.buet.ac.bd/bn/author/Md-a-Matin/</link></image><item><title>Design and optimisation of a novel dual-band circularly polarised microstrip antenna</title><link>https://sajid.buet.ac.bd/bn/publication/j-002/</link><pubDate>Sat, 01 Jan 2011 00:00:00 +0000</pubDate><guid>https://sajid.buet.ac.bd/bn/publication/j-002/</guid><description/></item></channel></rss>