<?xml version="1.0" encoding="utf-8" standalone="yes"?><rss version="2.0" xmlns:atom="http://www.w3.org/2005/Atom"><channel><title>ডঃ সাজিদ মুহাইমিন চৌধুরী | Q-PACERS / কিউ-প্যাকার্স</title><link>https://sajid.buet.ac.bd/bn/author/dsmc/</link><atom:link href="https://sajid.buet.ac.bd/bn/author/dsmc/index.xml" rel="self" type="application/rss+xml"/><description>ডঃ সাজিদ মুহাইমিন চৌধুরী</description><generator>Hugo Blox Builder (https://hugoblox.com)</generator><language>bn</language><image><url>https://sajid.buet.ac.bd/bn/author/dsmc/avatar_hu_592d354cf0f099a2.jpg</url><title>ডঃ সাজিদ মুহাইমিন চৌধুরী</title><link>https://sajid.buet.ac.bd/bn/author/dsmc/</link></image></channel></rss>