<?xml version="1.0" encoding="utf-8" standalone="yes"?><rss version="2.0" xmlns:atom="http://www.w3.org/2005/Atom"><channel><title>Bejoy Sikder | Q-PACERS / কিউ-প্যাকার্স</title><link>https://sajid.buet.ac.bd/bn/author/Bejoy-Sikder/</link><atom:link href="https://sajid.buet.ac.bd/bn/author/Bejoy-Sikder/index.xml" rel="self" type="application/rss+xml"/><description>Bejoy Sikder</description><generator>Hugo Blox Builder (https://hugoblox.com)</generator><language>bn</language><lastBuildDate>Sun, 01 Jan 2023 00:00:00 +0000</lastBuildDate><image><url>https://sajid.buet.ac.bd/media/icon_hu_f05efc27037f3153.png</url><title>Bejoy Sikder</title><link>https://sajid.buet.ac.bd/bn/author/Bejoy-Sikder/</link></image><item><title>Biomimicry in Nanotechnology: A Comprehensive Review</title><link>https://sajid.buet.ac.bd/bn/publication/j-018/</link><pubDate>Sun, 01 Jan 2023 00:00:00 +0000</pubDate><guid>https://sajid.buet.ac.bd/bn/publication/j-018/</guid><description/></item></channel></rss>