<?xml version="1.0" encoding="utf-8" standalone="yes"?><rss version="2.0" xmlns:atom="http://www.w3.org/2005/Atom"><channel><title>Ayon Sarkar | Q-PACERS (DSMC-RG)</title><link>https://sajid.buet.ac.bd/author/ayon-sarkar/</link><atom:link href="https://sajid.buet.ac.bd/author/ayon-sarkar/index.xml" rel="self" type="application/rss+xml"/><description>Ayon Sarkar</description><generator>Hugo Blox Builder (https://hugoblox.com)</generator><language>en-us</language><image><url>https://sajid.buet.ac.bd/author/ayon-sarkar/avatar_hu_b91dd472d16d03e7.jpg</url><title>Ayon Sarkar</title><link>https://sajid.buet.ac.bd/author/ayon-sarkar/</link></image><item><title>Ayon Sarkar</title><link>https://sajid.buet.ac.bd/author/ayon-sarkar/</link><pubDate>Mon, 01 Jan 0001 00:00:00 +0000</pubDate><guid>https://sajid.buet.ac.bd/author/ayon-sarkar/</guid><description/></item></channel></rss>