<?xml version="1.0" encoding="utf-8" standalone="yes"?><rss version="2.0" xmlns:atom="http://www.w3.org/2005/Atom"><channel><title>M. Gaffar | Q-PACERS</title><link>https://sajid.buet.ac.bd/bn/author/m.-gaffar/</link><atom:link href="https://sajid.buet.ac.bd/bn/author/m.-gaffar/index.xml" rel="self" type="application/rss+xml"/><description>M. Gaffar</description><generator>Hugo Blox Builder (https://hugoblox.com)</generator><language>bn</language><lastBuildDate>Fri, 01 Jan 2010 00:00:00 +0000</lastBuildDate><image><url>https://sajid.buet.ac.bd/media/icon_hu_f05efc27037f3153.png</url><title>M. Gaffar</title><link>https://sajid.buet.ac.bd/bn/author/m.-gaffar/</link></image><item><title>A Novel Approach for Changing Bandwidth of FSS Filter Using Gradual Circumferential Variation of Loaded Elements</title><link>https://sajid.buet.ac.bd/bn/publication/c-004/</link><pubDate>Fri, 01 Jan 2010 00:00:00 +0000</pubDate><guid>https://sajid.buet.ac.bd/bn/publication/c-004/</guid><description/></item></channel></rss>