<?xml version="1.0" encoding="utf-8" standalone="yes"?><rss version="2.0" xmlns:atom="http://www.w3.org/2005/Atom"><channel><title>M a Awal | Q-PACERS (DSMC-RG)</title><link>https://sajid.buet.ac.bd/author/m-a-awal/</link><atom:link href="https://sajid.buet.ac.bd/author/m-a-awal/index.xml" rel="self" type="application/rss+xml"/><description>M a Awal</description><generator>Hugo Blox Builder (https://hugoblox.com)</generator><language>en-us</language><lastBuildDate>Wed, 01 Jan 2014 00:00:00 +0000</lastBuildDate><image><url>https://sajid.buet.ac.bd/media/icon_hu_f05efc27037f3153.png</url><title>M a Awal</title><link>https://sajid.buet.ac.bd/author/m-a-awal/</link></image><item><title>Self-localization of a mobile robot using monocular vision of a chessboard pattern</title><link>https://sajid.buet.ac.bd/bn/publication/c-012/</link><pubDate>Wed, 01 Jan 2014 00:00:00 +0000</pubDate><guid>https://sajid.buet.ac.bd/bn/publication/c-012/</guid><description/></item><item><title>Self-localization of a mobile robot using monocular vision of a chessboard pattern</title><link>https://sajid.buet.ac.bd/publication/c-012/</link><pubDate>Wed, 01 Jan 2014 00:00:00 +0000</pubDate><guid>https://sajid.buet.ac.bd/publication/c-012/</guid><description/></item></channel></rss>