<?xml version="1.0" encoding="utf-8" standalone="yes"?><rss version="2.0" xmlns:atom="http://www.w3.org/2005/Atom"><channel><title>Mohammad Tahsin Alam | Q-PACERS / কিউ-প্যাকার্স</title><link>https://sajid.buet.ac.bd/bn/author/mohammad-tahsin-alam/</link><atom:link href="https://sajid.buet.ac.bd/bn/author/mohammad-tahsin-alam/index.xml" rel="self" type="application/rss+xml"/><description>Mohammad Tahsin Alam</description><generator>Hugo Blox Builder (https://hugoblox.com)</generator><language>bn</language><lastBuildDate>Mon, 01 Jan 2024 00:00:00 +0000</lastBuildDate><image><url>https://sajid.buet.ac.bd/media/icon_hu_f05efc27037f3153.png</url><title>Mohammad Tahsin Alam</title><link>https://sajid.buet.ac.bd/bn/author/mohammad-tahsin-alam/</link></image><item><title>Gesture Controlled Bot with Temperature &amp; Humidity (TH) Sensing Features</title><link>https://sajid.buet.ac.bd/bn/publication/c-023/</link><pubDate>Mon, 01 Jan 2024 00:00:00 +0000</pubDate><guid>https://sajid.buet.ac.bd/bn/publication/c-023/</guid><description/></item></channel></rss>