<?xml version="1.0" encoding="utf-8" standalone="yes"?><rss version="2.0" xmlns:atom="http://www.w3.org/2005/Atom"><channel><title>M. Shah Alam | Q-PACERS / কিউ-প্যাকার্স</title><link>https://sajid.buet.ac.bd/bn/author/m.-shah-alam/</link><atom:link href="https://sajid.buet.ac.bd/bn/author/m.-shah-alam/index.xml" rel="self" type="application/rss+xml"/><description>M. Shah Alam</description><generator>Hugo Blox Builder (https://hugoblox.com)</generator><language>bn</language><lastBuildDate>Fri, 01 Jan 2010 00:00:00 +0000</lastBuildDate><image><url>https://sajid.buet.ac.bd/media/icon_hu_f05efc27037f3153.png</url><title>M. Shah Alam</title><link>https://sajid.buet.ac.bd/bn/author/m.-shah-alam/</link></image><item><title>Sensitivity analysis of a circularly polarized U-slot microstrip antenna</title><link>https://sajid.buet.ac.bd/bn/publication/c-007/</link><pubDate>Fri, 01 Jan 2010 00:00:00 +0000</pubDate><guid>https://sajid.buet.ac.bd/bn/publication/c-007/</guid><description/></item></channel></rss>