<?xml version="1.0" encoding="utf-8" standalone="yes"?><rss version="2.0" xmlns:atom="http://www.w3.org/2005/Atom"><channel><title>Mohammad Muntasir Hassan | Q-PACERS / কিউ-প্যাকার্স</title><link>https://sajid.buet.ac.bd/bn/author/mohammad-muntasir-hassan/</link><atom:link href="https://sajid.buet.ac.bd/bn/author/mohammad-muntasir-hassan/index.xml" rel="self" type="application/rss+xml"/><description>Mohammad Muntasir Hassan</description><generator>Hugo Blox Builder (https://hugoblox.com)</generator><language>bn</language><lastBuildDate>Fri, 01 Jan 2021 00:00:00 +0000</lastBuildDate><image><url>https://sajid.buet.ac.bd/media/icon_hu_f05efc27037f3153.png</url><title>Mohammad Muntasir Hassan</title><link>https://sajid.buet.ac.bd/bn/author/mohammad-muntasir-hassan/</link></image><item><title>A Review on Plasmonic Nano-biosensors for Virus Detection with a Focus on Coronavirus</title><link>https://sajid.buet.ac.bd/bn/publication/j-014/</link><pubDate>Fri, 01 Jan 2021 00:00:00 +0000</pubDate><guid>https://sajid.buet.ac.bd/bn/publication/j-014/</guid><description/></item></channel></rss>