<?xml version="1.0" encoding="utf-8" standalone="yes"?><rss version="2.0" xmlns:atom="http://www.w3.org/2005/Atom"><channel><title>Md Sabbir Hossen Bijoy | Q-PACERS (DSMC-RG)</title><link>https://sajid.buet.ac.bd/author/md-sabbir-hossen-bijoy/</link><atom:link href="https://sajid.buet.ac.bd/author/md-sabbir-hossen-bijoy/index.xml" rel="self" type="application/rss+xml"/><description>Md Sabbir Hossen Bijoy</description><generator>Hugo Blox Builder (https://hugoblox.com)</generator><language>en-us</language><lastBuildDate>Sun, 01 Jan 2023 00:00:00 +0000</lastBuildDate><image><url>https://sajid.buet.ac.bd/media/icon_hu_f05efc27037f3153.png</url><title>Md Sabbir Hossen Bijoy</title><link>https://sajid.buet.ac.bd/author/md-sabbir-hossen-bijoy/</link></image><item><title>Discrete Modulated Continuous-Variable Quantum Key Distribution: Security and Noise Tolerance Enhanced by Decoy States and Effective Error Correction Protocol Integration</title><link>https://sajid.buet.ac.bd/bn/publication/c-021/</link><pubDate>Sun, 01 Jan 2023 00:00:00 +0000</pubDate><guid>https://sajid.buet.ac.bd/bn/publication/c-021/</guid><description/></item><item><title>Discrete Modulated Continuous-Variable Quantum Key Distribution: Security and Noise Tolerance Enhanced by Decoy States and Effective Error Correction Protocol Integration</title><link>https://sajid.buet.ac.bd/publication/c-021/</link><pubDate>Sun, 01 Jan 2023 00:00:00 +0000</pubDate><guid>https://sajid.buet.ac.bd/publication/c-021/</guid><description/></item></channel></rss>