<?xml version="1.0" encoding="utf-8" standalone="yes"?><rss version="2.0" xmlns:atom="http://www.w3.org/2005/Atom"><channel><title>Kaniz Fatema Supti | Q-PACERS / কিউ-প্যাকার্স</title><link>https://sajid.buet.ac.bd/bn/author/kaniz-fatema-supti/</link><atom:link href="https://sajid.buet.ac.bd/bn/author/kaniz-fatema-supti/index.xml" rel="self" type="application/rss+xml"/><description>Kaniz Fatema Supti</description><generator>Hugo Blox Builder (https://hugoblox.com)</generator><language>bn</language><lastBuildDate>Sun, 01 Dec 2024 00:00:00 +0000</lastBuildDate><image><url>https://sajid.buet.ac.bd/media/icon_hu_f05efc27037f3153.png</url><title>Kaniz Fatema Supti</title><link>https://sajid.buet.ac.bd/bn/author/kaniz-fatema-supti/</link></image><item><title>Lithium niobate photonic topological insulator-based multi-wavelength optical demultiplexer with piezoelectric switch-off</title><link>https://sajid.buet.ac.bd/bn/publication/j-021/</link><pubDate>Sun, 01 Dec 2024 00:00:00 +0000</pubDate><guid>https://sajid.buet.ac.bd/bn/publication/j-021/</guid><description/></item></channel></rss>