<?xml version="1.0" encoding="utf-8" standalone="yes"?><rss version="2.0" xmlns:atom="http://www.w3.org/2005/Atom"><channel><title>M. A. Matin | Q-PACERS / কিউ-প্যাকার্স</title><link>https://sajid.buet.ac.bd/bn/author/m.-a.-matin/</link><atom:link href="https://sajid.buet.ac.bd/bn/author/m.-a.-matin/index.xml" rel="self" type="application/rss+xml"/><description>M. A. Matin</description><generator>Hugo Blox Builder (https://hugoblox.com)</generator><language>bn</language><lastBuildDate>Sun, 01 Jan 2012 00:00:00 +0000</lastBuildDate><image><url>https://sajid.buet.ac.bd/media/icon_hu_f05efc27037f3153.png</url><title>M. A. Matin</title><link>https://sajid.buet.ac.bd/bn/author/m.-a.-matin/</link></image><item><title>Effect of FSS ground plane on second iteration of hexaflake fractal patch antenna</title><link>https://sajid.buet.ac.bd/bn/publication/c-009/</link><pubDate>Sun, 01 Jan 2012 00:00:00 +0000</pubDate><guid>https://sajid.buet.ac.bd/bn/publication/c-009/</guid><description/></item><item><title>A Novel Approach for Changing Bandwidth of FSS Filter Using Gradual Circumferential Variation of Loaded Elements</title><link>https://sajid.buet.ac.bd/bn/publication/c-004/</link><pubDate>Fri, 01 Jan 2010 00:00:00 +0000</pubDate><guid>https://sajid.buet.ac.bd/bn/publication/c-004/</guid><description/></item><item><title>Optimization and analysis of a Ka band Pickett Potter horn antenna with low cross polarization</title><link>https://sajid.buet.ac.bd/bn/publication/c-006/</link><pubDate>Fri, 01 Jan 2010 00:00:00 +0000</pubDate><guid>https://sajid.buet.ac.bd/bn/publication/c-006/</guid><description/></item><item><title>Modeling the illumination function of a cassegrain reflector for a corrugated horn feed and calculation of the far field pattern</title><link>https://sajid.buet.ac.bd/bn/publication/c-003/</link><pubDate>Thu, 01 Jan 2009 00:00:00 +0000</pubDate><guid>https://sajid.buet.ac.bd/bn/publication/c-003/</guid><description/></item></channel></rss>