<?xml version="1.0" encoding="utf-8" standalone="yes"?><rss version="2.0" xmlns:atom="http://www.w3.org/2005/Atom"><channel><title>Yasir Fatha Abed | Q-PACERS (DSMC-RG)</title><link>https://sajid.buet.ac.bd/author/yasir-fatha-abed/</link><atom:link href="https://sajid.buet.ac.bd/author/yasir-fatha-abed/index.xml" rel="self" type="application/rss+xml"/><description>Yasir Fatha Abed</description><generator>Hugo Blox Builder (https://hugoblox.com)</generator><language>en-us</language><lastBuildDate>Fri, 01 Jan 2021 00:00:00 +0000</lastBuildDate><image><url>https://sajid.buet.ac.bd/media/icon_hu_f05efc27037f3153.png</url><title>Yasir Fatha Abed</title><link>https://sajid.buet.ac.bd/author/yasir-fatha-abed/</link></image><item><title>T Grating on Nano-Cavity Array based Refractive Index Sensor</title><link>https://sajid.buet.ac.bd/bn/publication/j-015/</link><pubDate>Fri, 01 Jan 2021 00:00:00 +0000</pubDate><guid>https://sajid.buet.ac.bd/bn/publication/j-015/</guid><description/></item><item><title>T Grating on Nano-Cavity Array based Refractive Index Sensor</title><link>https://sajid.buet.ac.bd/publication/j-015/</link><pubDate>Fri, 01 Jan 2021 00:00:00 +0000</pubDate><guid>https://sajid.buet.ac.bd/publication/j-015/</guid><description/></item></channel></rss>