<?xml version="1.0" encoding="utf-8" standalone="yes"?><rss version="2.0" xmlns:atom="http://www.w3.org/2005/Atom"><channel><title>Sajid Muhaimin Choudhury | Q-PACERS (DSMC-RG)</title><link>https://sajid.buet.ac.bd/author/sajid-muhaimin-choudhury/</link><atom:link href="https://sajid.buet.ac.bd/author/sajid-muhaimin-choudhury/index.xml" rel="self" type="application/rss+xml"/><description>Sajid Muhaimin Choudhury</description><generator>Hugo Blox Builder (https://hugoblox.com)</generator><language>en-us</language><lastBuildDate>Wed, 01 Jan 2025 00:00:00 +0000</lastBuildDate><image><url>https://sajid.buet.ac.bd/media/icon_hu_f05efc27037f3153.png</url><title>Sajid Muhaimin Choudhury</title><link>https://sajid.buet.ac.bd/author/sajid-muhaimin-choudhury/</link></image><item><title>Investigation of the physical properties through strain effect of monolayer silicon carbide material: DFT analysis</title><link>https://sajid.buet.ac.bd/bn/publication/j-023/</link><pubDate>Wed, 01 Jan 2025 00:00:00 +0000</pubDate><guid>https://sajid.buet.ac.bd/bn/publication/j-023/</guid><description/></item><item><title>Investigation of the physical properties through strain effect of monolayer silicon carbide material: DFT analysis</title><link>https://sajid.buet.ac.bd/publication/j-023/</link><pubDate>Wed, 01 Jan 2025 00:00:00 +0000</pubDate><guid>https://sajid.buet.ac.bd/publication/j-023/</guid><description/></item><item><title>Synergizing deep learning and phase change materials for four-state broadband multifunctional metasurfaces in the visible range</title><link>https://sajid.buet.ac.bd/bn/publication/j-024/</link><pubDate>Wed, 01 Jan 2025 00:00:00 +0000</pubDate><guid>https://sajid.buet.ac.bd/bn/publication/j-024/</guid><description/></item><item><title>Synergizing deep learning and phase change materials for four-state broadband multifunctional metasurfaces in the visible range</title><link>https://sajid.buet.ac.bd/publication/j-024/</link><pubDate>Wed, 01 Jan 2025 00:00:00 +0000</pubDate><guid>https://sajid.buet.ac.bd/publication/j-024/</guid><description/></item><item><title>Lithium niobate photonic topological insulator-based multi-wavelength optical demultiplexer with piezoelectric switch-off</title><link>https://sajid.buet.ac.bd/bn/publication/j-021/</link><pubDate>Sun, 01 Dec 2024 00:00:00 +0000</pubDate><guid>https://sajid.buet.ac.bd/bn/publication/j-021/</guid><description/></item><item><title>Lithium niobate photonic topological insulator-based multi-wavelength optical demultiplexer with piezoelectric switch-off</title><link>https://sajid.buet.ac.bd/publication/j-021/</link><pubDate>Sun, 01 Dec 2024 00:00:00 +0000</pubDate><guid>https://sajid.buet.ac.bd/publication/j-021/</guid><description/></item><item><title>Polarization insensitive electrically reconfigurable meta-lens for the 2 μm wavelength</title><link>https://sajid.buet.ac.bd/bn/publication/j-022/</link><pubDate>Sun, 01 Dec 2024 00:00:00 +0000</pubDate><guid>https://sajid.buet.ac.bd/bn/publication/j-022/</guid><description/></item><item><title>Polarization insensitive electrically reconfigurable meta-lens for the 2 μm wavelength</title><link>https://sajid.buet.ac.bd/publication/j-022/</link><pubDate>Sun, 01 Dec 2024 00:00:00 +0000</pubDate><guid>https://sajid.buet.ac.bd/publication/j-022/</guid><description/></item><item><title>Design of Dual-Band Plasmonic Absorber for Biomedical Sensing and Environmental Monitoring</title><link>https://sajid.buet.ac.bd/bn/publication/x-01/</link><pubDate>Mon, 01 Jan 2024 00:00:00 +0000</pubDate><guid>https://sajid.buet.ac.bd/bn/publication/x-01/</guid><description/></item><item><title>Design of Dual-Band Plasmonic Absorber for Biomedical Sensing and Environmental Monitoring</title><link>https://sajid.buet.ac.bd/publication/x-01/</link><pubDate>Mon, 01 Jan 2024 00:00:00 +0000</pubDate><guid>https://sajid.buet.ac.bd/publication/x-01/</guid><description/></item><item><title>Design of Silicon-Carbide Based Single-Quantum-Well White LED</title><link>https://sajid.buet.ac.bd/bn/publication/x-02/</link><pubDate>Mon, 01 Jan 2024 00:00:00 +0000</pubDate><guid>https://sajid.buet.ac.bd/bn/publication/x-02/</guid><description/></item><item><title>Design of Silicon-Carbide Based Single-Quantum-Well White LED</title><link>https://sajid.buet.ac.bd/publication/x-02/</link><pubDate>Mon, 01 Jan 2024 00:00:00 +0000</pubDate><guid>https://sajid.buet.ac.bd/publication/x-02/</guid><description/></item><item><title>Efficiency Enhancement of c-Si/TiO2 Heterojunction Thin Film Solar Cell Using Hybrid Metal-Dielectric Nanostructures</title><link>https://sajid.buet.ac.bd/bn/publication/x-03/</link><pubDate>Mon, 01 Jan 2024 00:00:00 +0000</pubDate><guid>https://sajid.buet.ac.bd/bn/publication/x-03/</guid><description/></item><item><title>Efficiency Enhancement of c-Si/TiO2 Heterojunction Thin Film Solar Cell Using Hybrid Metal-Dielectric Nanostructures</title><link>https://sajid.buet.ac.bd/publication/x-03/</link><pubDate>Mon, 01 Jan 2024 00:00:00 +0000</pubDate><guid>https://sajid.buet.ac.bd/publication/x-03/</guid><description/></item><item><title>Gesture Controlled Bot with Temperature &amp; Humidity (TH) Sensing Features</title><link>https://sajid.buet.ac.bd/bn/publication/c-023/</link><pubDate>Mon, 01 Jan 2024 00:00:00 +0000</pubDate><guid>https://sajid.buet.ac.bd/bn/publication/c-023/</guid><description/></item><item><title>Gesture Controlled Bot with Temperature &amp; Humidity (TH) Sensing Features</title><link>https://sajid.buet.ac.bd/publication/c-023/</link><pubDate>Mon, 01 Jan 2024 00:00:00 +0000</pubDate><guid>https://sajid.buet.ac.bd/publication/c-023/</guid><description/></item><item><title>Sb2S3/AlGaAs based Reconfigurable Metasurface for Dynamic Polarization and Directionality Control of Quantum Emitter Emission</title><link>https://sajid.buet.ac.bd/bn/publication/j-020/</link><pubDate>Mon, 01 Jan 2024 00:00:00 +0000</pubDate><guid>https://sajid.buet.ac.bd/bn/publication/j-020/</guid><description/></item><item><title>Sb2S3/AlGaAs based Reconfigurable Metasurface for Dynamic Polarization and Directionality Control of Quantum Emitter Emission</title><link>https://sajid.buet.ac.bd/publication/j-020/</link><pubDate>Mon, 01 Jan 2024 00:00:00 +0000</pubDate><guid>https://sajid.buet.ac.bd/publication/j-020/</guid><description/></item><item><title>A Polarization Insensitive Achromatic Metalens Operating at Two Wavelengths in Visible Regime</title><link>https://sajid.buet.ac.bd/bn/publication/c-018/</link><pubDate>Sun, 01 Jan 2023 00:00:00 +0000</pubDate><guid>https://sajid.buet.ac.bd/bn/publication/c-018/</guid><description/></item><item><title>A Polarization Insensitive Achromatic Metalens Operating at Two Wavelengths in Visible Regime</title><link>https://sajid.buet.ac.bd/publication/c-018/</link><pubDate>Sun, 01 Jan 2023 00:00:00 +0000</pubDate><guid>https://sajid.buet.ac.bd/publication/c-018/</guid><description/></item><item><title>Biomimicry in Nanotechnology: A Comprehensive Review</title><link>https://sajid.buet.ac.bd/bn/publication/j-018/</link><pubDate>Sun, 01 Jan 2023 00:00:00 +0000</pubDate><guid>https://sajid.buet.ac.bd/bn/publication/j-018/</guid><description/></item><item><title>Biomimicry in Nanotechnology: A Comprehensive Review</title><link>https://sajid.buet.ac.bd/publication/j-018/</link><pubDate>Sun, 01 Jan 2023 00:00:00 +0000</pubDate><guid>https://sajid.buet.ac.bd/publication/j-018/</guid><description/></item><item><title>Design and Performance Analysis of a c-Si Thin-Film Solar Cell Using Plasmonic Ag Nanostructures</title><link>https://sajid.buet.ac.bd/bn/publication/c-019/</link><pubDate>Sun, 01 Jan 2023 00:00:00 +0000</pubDate><guid>https://sajid.buet.ac.bd/bn/publication/c-019/</guid><description/></item><item><title>Design and Performance Analysis of a c-Si Thin-Film Solar Cell Using Plasmonic Ag Nanostructures</title><link>https://sajid.buet.ac.bd/publication/c-019/</link><pubDate>Sun, 01 Jan 2023 00:00:00 +0000</pubDate><guid>https://sajid.buet.ac.bd/publication/c-019/</guid><description/></item><item><title>Development of an Internet of Things based Bangla Calendar Clock</title><link>https://sajid.buet.ac.bd/bn/publication/c-020/</link><pubDate>Sun, 01 Jan 2023 00:00:00 +0000</pubDate><guid>https://sajid.buet.ac.bd/bn/publication/c-020/</guid><description/></item><item><title>Development of an Internet of Things based Bangla Calendar Clock</title><link>https://sajid.buet.ac.bd/publication/c-020/</link><pubDate>Sun, 01 Jan 2023 00:00:00 +0000</pubDate><guid>https://sajid.buet.ac.bd/publication/c-020/</guid><description/></item><item><title>Discrete Modulated Continuous-Variable Quantum Key Distribution: Security and Noise Tolerance Enhanced by Decoy States and Effective Error Correction Protocol Integration</title><link>https://sajid.buet.ac.bd/bn/publication/c-021/</link><pubDate>Sun, 01 Jan 2023 00:00:00 +0000</pubDate><guid>https://sajid.buet.ac.bd/bn/publication/c-021/</guid><description/></item><item><title>Discrete Modulated Continuous-Variable Quantum Key Distribution: Security and Noise Tolerance Enhanced by Decoy States and Effective Error Correction Protocol Integration</title><link>https://sajid.buet.ac.bd/publication/c-021/</link><pubDate>Sun, 01 Jan 2023 00:00:00 +0000</pubDate><guid>https://sajid.buet.ac.bd/publication/c-021/</guid><description/></item><item><title>Reconfigurable Broadband Metasurface with Switchable Functionalities in the Visible Range</title><link>https://sajid.buet.ac.bd/bn/publication/j-019/</link><pubDate>Sun, 01 Jan 2023 00:00:00 +0000</pubDate><guid>https://sajid.buet.ac.bd/bn/publication/j-019/</guid><description/></item><item><title>Reconfigurable Broadband Metasurface with Switchable Functionalities in the Visible Range</title><link>https://sajid.buet.ac.bd/publication/j-019/</link><pubDate>Sun, 01 Jan 2023 00:00:00 +0000</pubDate><guid>https://sajid.buet.ac.bd/publication/j-019/</guid><description/></item><item><title>VO2-based All-optical Reflection Modulator for 2μm Wave Band</title><link>https://sajid.buet.ac.bd/bn/publication/c-022/</link><pubDate>Sun, 01 Jan 2023 00:00:00 +0000</pubDate><guid>https://sajid.buet.ac.bd/bn/publication/c-022/</guid><description/></item><item><title>VO2-based All-optical Reflection Modulator for 2μm Wave Band</title><link>https://sajid.buet.ac.bd/publication/c-022/</link><pubDate>Sun, 01 Jan 2023 00:00:00 +0000</pubDate><guid>https://sajid.buet.ac.bd/publication/c-022/</guid><description/></item><item><title>Custom Gold-Patterned Rewritable Optical Disc based Plasmonic Sensor for Blood Hemoglobin Detection</title><link>https://sajid.buet.ac.bd/bn/publication/j-016/</link><pubDate>Sat, 01 Jan 2022 00:00:00 +0000</pubDate><guid>https://sajid.buet.ac.bd/bn/publication/j-016/</guid><description/></item><item><title>Custom Gold-Patterned Rewritable Optical Disc based Plasmonic Sensor for Blood Hemoglobin Detection</title><link>https://sajid.buet.ac.bd/publication/j-016/</link><pubDate>Sat, 01 Jan 2022 00:00:00 +0000</pubDate><guid>https://sajid.buet.ac.bd/publication/j-016/</guid><description/></item><item><title>TiN-GST-TiN all-optical reflection modulator for the 2μm wave band reaching 85% efficiency</title><link>https://sajid.buet.ac.bd/bn/publication/j-017/</link><pubDate>Sat, 01 Jan 2022 00:00:00 +0000</pubDate><guid>https://sajid.buet.ac.bd/bn/publication/j-017/</guid><description/></item><item><title>TiN-GST-TiN all-optical reflection modulator for the 2μm wave band reaching 85% efficiency</title><link>https://sajid.buet.ac.bd/publication/j-017/</link><pubDate>Sat, 01 Jan 2022 00:00:00 +0000</pubDate><guid>https://sajid.buet.ac.bd/publication/j-017/</guid><description/></item><item><title>A Review on Plasmonic Nano-biosensors for Virus Detection with a Focus on Coronavirus</title><link>https://sajid.buet.ac.bd/bn/publication/j-014/</link><pubDate>Fri, 01 Jan 2021 00:00:00 +0000</pubDate><guid>https://sajid.buet.ac.bd/bn/publication/j-014/</guid><description/></item><item><title>A Review on Plasmonic Nano-biosensors for Virus Detection with a Focus on Coronavirus</title><link>https://sajid.buet.ac.bd/publication/j-014/</link><pubDate>Fri, 01 Jan 2021 00:00:00 +0000</pubDate><guid>https://sajid.buet.ac.bd/publication/j-014/</guid><description/></item><item><title>T Grating on Nano-Cavity Array based Refractive Index Sensor</title><link>https://sajid.buet.ac.bd/bn/publication/j-015/</link><pubDate>Fri, 01 Jan 2021 00:00:00 +0000</pubDate><guid>https://sajid.buet.ac.bd/bn/publication/j-015/</guid><description/></item><item><title>T Grating on Nano-Cavity Array based Refractive Index Sensor</title><link>https://sajid.buet.ac.bd/publication/j-015/</link><pubDate>Fri, 01 Jan 2021 00:00:00 +0000</pubDate><guid>https://sajid.buet.ac.bd/publication/j-015/</guid><description/></item><item><title>Structurally Tunable Gear-Shaped Plasmonic Sensor</title><link>https://sajid.buet.ac.bd/bn/publication/j-013/</link><pubDate>Wed, 01 Jan 2020 00:00:00 +0000</pubDate><guid>https://sajid.buet.ac.bd/bn/publication/j-013/</guid><description/></item><item><title>Structurally Tunable Gear-Shaped Plasmonic Sensor</title><link>https://sajid.buet.ac.bd/publication/j-013/</link><pubDate>Wed, 01 Jan 2020 00:00:00 +0000</pubDate><guid>https://sajid.buet.ac.bd/publication/j-013/</guid><description/></item><item><title>Self-localization of a mobile robot using monocular vision of a chessboard pattern</title><link>https://sajid.buet.ac.bd/bn/publication/c-012/</link><pubDate>Wed, 01 Jan 2014 00:00:00 +0000</pubDate><guid>https://sajid.buet.ac.bd/bn/publication/c-012/</guid><description/></item><item><title>Self-localization of a mobile robot using monocular vision of a chessboard pattern</title><link>https://sajid.buet.ac.bd/publication/c-012/</link><pubDate>Wed, 01 Jan 2014 00:00:00 +0000</pubDate><guid>https://sajid.buet.ac.bd/publication/c-012/</guid><description/></item><item><title>Effect of FSS ground plane on second iteration of hexaflake fractal patch antenna</title><link>https://sajid.buet.ac.bd/bn/publication/c-009/</link><pubDate>Sun, 01 Jan 2012 00:00:00 +0000</pubDate><guid>https://sajid.buet.ac.bd/bn/publication/c-009/</guid><description/></item><item><title>Effect of FSS ground plane on second iteration of hexaflake fractal patch antenna</title><link>https://sajid.buet.ac.bd/publication/c-009/</link><pubDate>Sun, 01 Jan 2012 00:00:00 +0000</pubDate><guid>https://sajid.buet.ac.bd/publication/c-009/</guid><description/></item><item><title>Approximate Closed-Form Expression of the Electric Field of a Conical Horn Antenna</title><link>https://sajid.buet.ac.bd/bn/publication/j-001/</link><pubDate>Sat, 01 Jan 2011 00:00:00 +0000</pubDate><guid>https://sajid.buet.ac.bd/bn/publication/j-001/</guid><description/></item><item><title>Approximate Closed-Form Expression of the Electric Field of a Conical Horn Antenna</title><link>https://sajid.buet.ac.bd/publication/j-001/</link><pubDate>Sat, 01 Jan 2011 00:00:00 +0000</pubDate><guid>https://sajid.buet.ac.bd/publication/j-001/</guid><description/></item><item><title>Design of an X band aperture matched horn antenna by optimization of back-lobe and cross-polarization level</title><link>https://sajid.buet.ac.bd/bn/publication/c-005/</link><pubDate>Fri, 01 Jan 2010 00:00:00 +0000</pubDate><guid>https://sajid.buet.ac.bd/bn/publication/c-005/</guid><description/></item><item><title>Design of an X band aperture matched horn antenna by optimization of back-lobe and cross-polarization level</title><link>https://sajid.buet.ac.bd/publication/c-005/</link><pubDate>Fri, 01 Jan 2010 00:00:00 +0000</pubDate><guid>https://sajid.buet.ac.bd/publication/c-005/</guid><description/></item><item><title>Optimization and analysis of a Ka band Pickett Potter horn antenna with low cross polarization</title><link>https://sajid.buet.ac.bd/bn/publication/c-006/</link><pubDate>Fri, 01 Jan 2010 00:00:00 +0000</pubDate><guid>https://sajid.buet.ac.bd/bn/publication/c-006/</guid><description/></item><item><title>Optimization and analysis of a Ka band Pickett Potter horn antenna with low cross polarization</title><link>https://sajid.buet.ac.bd/publication/c-006/</link><pubDate>Fri, 01 Jan 2010 00:00:00 +0000</pubDate><guid>https://sajid.buet.ac.bd/publication/c-006/</guid><description/></item><item><title>Sensitivity analysis of a circularly polarized U-slot microstrip antenna</title><link>https://sajid.buet.ac.bd/bn/publication/c-007/</link><pubDate>Fri, 01 Jan 2010 00:00:00 +0000</pubDate><guid>https://sajid.buet.ac.bd/bn/publication/c-007/</guid><description/></item><item><title>Sensitivity analysis of a circularly polarized U-slot microstrip antenna</title><link>https://sajid.buet.ac.bd/publication/c-007/</link><pubDate>Fri, 01 Jan 2010 00:00:00 +0000</pubDate><guid>https://sajid.buet.ac.bd/publication/c-007/</guid><description/></item><item><title>Analysis of a conical corrugated horn operating in the K-band with low cross-polarization and high aperture efficiency, and observing its radiation patterns</title><link>https://sajid.buet.ac.bd/bn/publication/c-002/</link><pubDate>Thu, 01 Jan 2009 00:00:00 +0000</pubDate><guid>https://sajid.buet.ac.bd/bn/publication/c-002/</guid><description/></item><item><title>Analysis of a conical corrugated horn operating in the K-band with low cross-polarization and high aperture efficiency, and observing its radiation patterns</title><link>https://sajid.buet.ac.bd/publication/c-002/</link><pubDate>Thu, 01 Jan 2009 00:00:00 +0000</pubDate><guid>https://sajid.buet.ac.bd/publication/c-002/</guid><description/></item><item><title>Modeling the illumination function of a cassegrain reflector for a corrugated horn feed and calculation of the far field pattern</title><link>https://sajid.buet.ac.bd/bn/publication/c-003/</link><pubDate>Thu, 01 Jan 2009 00:00:00 +0000</pubDate><guid>https://sajid.buet.ac.bd/bn/publication/c-003/</guid><description/></item><item><title>Modeling the illumination function of a cassegrain reflector for a corrugated horn feed and calculation of the far field pattern</title><link>https://sajid.buet.ac.bd/publication/c-003/</link><pubDate>Thu, 01 Jan 2009 00:00:00 +0000</pubDate><guid>https://sajid.buet.ac.bd/publication/c-003/</guid><description/></item><item><title>Design and implementation of a low cost Power Factor Improvement device</title><link>https://sajid.buet.ac.bd/bn/publication/c-001/</link><pubDate>Tue, 01 Jan 2008 00:00:00 +0000</pubDate><guid>https://sajid.buet.ac.bd/bn/publication/c-001/</guid><description/></item><item><title>Design and implementation of a low cost Power Factor Improvement device</title><link>https://sajid.buet.ac.bd/publication/c-001/</link><pubDate>Tue, 01 Jan 2008 00:00:00 +0000</pubDate><guid>https://sajid.buet.ac.bd/publication/c-001/</guid><description/></item></channel></rss>