<?xml version="1.0" encoding="utf-8" standalone="yes"?><rss version="2.0" xmlns:atom="http://www.w3.org/2005/Atom"><channel><title>Samuel Peana | Q-PACERS (DSMC-RG)</title><link>https://sajid.buet.ac.bd/author/samuel-peana/</link><atom:link href="https://sajid.buet.ac.bd/author/samuel-peana/index.xml" rel="self" type="application/rss+xml"/><description>Samuel Peana</description><generator>Hugo Blox Builder (https://hugoblox.com)</generator><language>en-us</language><lastBuildDate>Tue, 01 Jan 2019 00:00:00 +0000</lastBuildDate><image><url>https://sajid.buet.ac.bd/media/icon_hu_f05efc27037f3153.png</url><title>Samuel Peana</title><link>https://sajid.buet.ac.bd/author/samuel-peana/</link></image><item><title>Colors with plasmonic nanostructures: A full-spectrum review</title><link>https://sajid.buet.ac.bd/bn/publication/j-009/</link><pubDate>Tue, 01 Jan 2019 00:00:00 +0000</pubDate><guid>https://sajid.buet.ac.bd/bn/publication/j-009/</guid><description/></item><item><title>Colors with plasmonic nanostructures: A full-spectrum review</title><link>https://sajid.buet.ac.bd/publication/j-009/</link><pubDate>Tue, 01 Jan 2019 00:00:00 +0000</pubDate><guid>https://sajid.buet.ac.bd/publication/j-009/</guid><description/></item></channel></rss>