<?xml version="1.0" encoding="utf-8" standalone="yes"?><rss version="2.0" xmlns:atom="http://www.w3.org/2005/Atom"><channel><title>Yang Zhao | Q-PACERS (DSMC-RG)</title><link>https://sajid.buet.ac.bd/author/yang-zhao/</link><atom:link href="https://sajid.buet.ac.bd/author/yang-zhao/index.xml" rel="self" type="application/rss+xml"/><description>Yang Zhao</description><generator>Hugo Blox Builder (https://hugoblox.com)</generator><language>en-us</language><lastBuildDate>Fri, 01 Jan 2016 00:00:00 +0000</lastBuildDate><image><url>https://sajid.buet.ac.bd/media/icon_hu_f05efc27037f3153.png</url><title>Yang Zhao</title><link>https://sajid.buet.ac.bd/author/yang-zhao/</link></image><item><title>Controlling the Polarization State of Light with Plasmonic Metal Oxide Metasurface</title><link>https://sajid.buet.ac.bd/bn/publication/j-005/</link><pubDate>Fri, 01 Jan 2016 00:00:00 +0000</pubDate><guid>https://sajid.buet.ac.bd/bn/publication/j-005/</guid><description/></item><item><title>Controlling the Polarization State of Light with Plasmonic Metal Oxide Metasurface</title><link>https://sajid.buet.ac.bd/publication/j-005/</link><pubDate>Fri, 01 Jan 2016 00:00:00 +0000</pubDate><guid>https://sajid.buet.ac.bd/publication/j-005/</guid><description/></item><item><title>Nanostructured Transparent Conducting Oxide Films for Polarization Control with Plasmonic Metasurfaces</title><link>https://sajid.buet.ac.bd/bn/publication/c-011/</link><pubDate>Wed, 01 Jan 2014 00:00:00 +0000</pubDate><guid>https://sajid.buet.ac.bd/bn/publication/c-011/</guid><description/></item><item><title>Nanostructured Transparent Conducting Oxide Films for Polarization Control with Plasmonic Metasurfaces</title><link>https://sajid.buet.ac.bd/publication/c-011/</link><pubDate>Wed, 01 Jan 2014 00:00:00 +0000</pubDate><guid>https://sajid.buet.ac.bd/publication/c-011/</guid><description/></item></channel></rss>