<?xml version="1.0" encoding="utf-8" standalone="yes"?><rss version="2.0" xmlns:atom="http://www.w3.org/2005/Atom"><channel><title>S. M. L. Kabir | Q-PACERS</title><link>https://sajid.buet.ac.bd/bn/author/s.-m.-l.-kabir/</link><atom:link href="https://sajid.buet.ac.bd/bn/author/s.-m.-l.-kabir/index.xml" rel="self" type="application/rss+xml"/><description>S. M. L. Kabir</description><generator>Hugo Blox Builder (https://hugoblox.com)</generator><language>bn</language><lastBuildDate>Sat, 01 Jan 2011 00:00:00 +0000</lastBuildDate><image><url>https://sajid.buet.ac.bd/media/icon_hu_f05efc27037f3153.png</url><title>S. M. L. Kabir</title><link>https://sajid.buet.ac.bd/bn/author/s.-m.-l.-kabir/</link></image><item><title>Developing A Low-Cost Multiple Motor Switched Photovoltaic Powered Irrigation System</title><link>https://sajid.buet.ac.bd/bn/publication/c-008/</link><pubDate>Sat, 01 Jan 2011 00:00:00 +0000</pubDate><guid>https://sajid.buet.ac.bd/bn/publication/c-008/</guid><description/></item></channel></rss>