<?xml version="1.0" encoding="utf-8" standalone="yes"?><rss version="2.0" xmlns:atom="http://www.w3.org/2005/Atom"><channel><title>Himaddri Roy | Q-PACERS</title><link>https://sajid.buet.ac.bd/bn/author/himaddri-roy/</link><atom:link href="https://sajid.buet.ac.bd/bn/author/himaddri-roy/index.xml" rel="self" type="application/rss+xml"/><description>Himaddri Roy</description><generator>Hugo Blox Builder (https://hugoblox.com)</generator><language>bn</language><lastBuildDate>Sat, 01 Jan 2022 00:00:00 +0000</lastBuildDate><image><url>https://sajid.buet.ac.bd/media/icon_hu_f05efc27037f3153.png</url><title>Himaddri Roy</title><link>https://sajid.buet.ac.bd/bn/author/himaddri-roy/</link></image><item><title>Custom Gold-Patterned Rewritable Optical Disc based Plasmonic Sensor for Blood Hemoglobin Detection</title><link>https://sajid.buet.ac.bd/bn/publication/j-016/</link><pubDate>Sat, 01 Jan 2022 00:00:00 +0000</pubDate><guid>https://sajid.buet.ac.bd/bn/publication/j-016/</guid><description/></item></channel></rss>