<?xml version="1.0" encoding="utf-8" standalone="yes"?><rss version="2.0" xmlns:atom="http://www.w3.org/2005/Atom"><channel><title>Sergei Bozhevolnyi | Q-PACERS</title><link>https://sajid.buet.ac.bd/bn/author/sergei-bozhevolnyi/</link><atom:link href="https://sajid.buet.ac.bd/bn/author/sergei-bozhevolnyi/index.xml" rel="self" type="application/rss+xml"/><description>Sergei Bozhevolnyi</description><generator>Hugo Blox Builder (https://hugoblox.com)</generator><language>bn</language><lastBuildDate>Sun, 01 Jan 2017 00:00:00 +0000</lastBuildDate><image><url>https://sajid.buet.ac.bd/media/icon_hu_f05efc27037f3153.png</url><title>Sergei Bozhevolnyi</title><link>https://sajid.buet.ac.bd/bn/author/sergei-bozhevolnyi/</link></image><item><title>Novel Hard Mask Fabrication Method for Hybrid Plasmonic Waveguide and Metasurfaces</title><link>https://sajid.buet.ac.bd/bn/publication/c-015/</link><pubDate>Sun, 01 Jan 2017 00:00:00 +0000</pubDate><guid>https://sajid.buet.ac.bd/bn/publication/c-015/</guid><description/></item></channel></rss>