<?xml version="1.0" encoding="utf-8" standalone="yes"?><rss version="2.0" xmlns:atom="http://www.w3.org/2005/Atom"><channel><title>Q-PACERS</title><link>https://sajid.buet.ac.bd/bn/</link><atom:link href="https://sajid.buet.ac.bd/bn/index.xml" rel="self" type="application/rss+xml"/><description>Q-PACERS</description><generator>Hugo Blox Builder (https://hugoblox.com)</generator><language>bn</language><lastBuildDate>Mon, 24 Oct 2022 00:00:00 +0000</lastBuildDate><image><url>https://sajid.buet.ac.bd/media/icon_hu_f05efc27037f3153.png</url><title>Q-PACERS</title><link>https://sajid.buet.ac.bd/bn/</link></image><item><title>Investigation of the physical properties through strain effect of monolayer silicon carbide material: DFT analysis</title><link>https://sajid.buet.ac.bd/bn/publication/j-023/</link><pubDate>Wed, 01 Jan 2025 00:00:00 +0000</pubDate><guid>https://sajid.buet.ac.bd/bn/publication/j-023/</guid><description/></item><item><title>Synergizing deep learning and phase change materials for four-state broadband multifunctional metasurfaces in the visible range</title><link>https://sajid.buet.ac.bd/bn/publication/j-024/</link><pubDate>Wed, 01 Jan 2025 00:00:00 +0000</pubDate><guid>https://sajid.buet.ac.bd/bn/publication/j-024/</guid><description/></item><item><title>Lithium niobate photonic topological insulator-based multi-wavelength optical demultiplexer with piezoelectric switch-off</title><link>https://sajid.buet.ac.bd/bn/publication/j-021/</link><pubDate>Sun, 01 Dec 2024 00:00:00 +0000</pubDate><guid>https://sajid.buet.ac.bd/bn/publication/j-021/</guid><description/></item><item><title>Polarization insensitive electrically reconfigurable meta-lens for the 2 μm wavelength</title><link>https://sajid.buet.ac.bd/bn/publication/j-022/</link><pubDate>Sun, 01 Dec 2024 00:00:00 +0000</pubDate><guid>https://sajid.buet.ac.bd/bn/publication/j-022/</guid><description/></item><item><title>Design of Dual-Band Plasmonic Absorber for Biomedical Sensing and Environmental Monitoring</title><link>https://sajid.buet.ac.bd/bn/publication/x-01/</link><pubDate>Mon, 01 Jan 2024 00:00:00 +0000</pubDate><guid>https://sajid.buet.ac.bd/bn/publication/x-01/</guid><description/></item><item><title>Design of Silicon-Carbide Based Single-Quantum-Well White LED</title><link>https://sajid.buet.ac.bd/bn/publication/x-02/</link><pubDate>Mon, 01 Jan 2024 00:00:00 +0000</pubDate><guid>https://sajid.buet.ac.bd/bn/publication/x-02/</guid><description/></item><item><title>Efficiency Enhancement of c-Si/TiO2 Heterojunction Thin Film Solar Cell Using Hybrid Metal-Dielectric Nanostructures</title><link>https://sajid.buet.ac.bd/bn/publication/x-03/</link><pubDate>Mon, 01 Jan 2024 00:00:00 +0000</pubDate><guid>https://sajid.buet.ac.bd/bn/publication/x-03/</guid><description/></item><item><title>Gesture Controlled Bot with Temperature &amp; Humidity (TH) Sensing Features</title><link>https://sajid.buet.ac.bd/bn/publication/c-023/</link><pubDate>Mon, 01 Jan 2024 00:00:00 +0000</pubDate><guid>https://sajid.buet.ac.bd/bn/publication/c-023/</guid><description/></item><item><title>Sb2S3/AlGaAs based Reconfigurable Metasurface for Dynamic Polarization and Directionality Control of Quantum Emitter Emission</title><link>https://sajid.buet.ac.bd/bn/publication/j-020/</link><pubDate>Mon, 01 Jan 2024 00:00:00 +0000</pubDate><guid>https://sajid.buet.ac.bd/bn/publication/j-020/</guid><description/></item><item><title>A Polarization Insensitive Achromatic Metalens Operating at Two Wavelengths in Visible Regime</title><link>https://sajid.buet.ac.bd/bn/publication/c-018/</link><pubDate>Sun, 01 Jan 2023 00:00:00 +0000</pubDate><guid>https://sajid.buet.ac.bd/bn/publication/c-018/</guid><description/></item><item><title>Biomimicry in Nanotechnology: A Comprehensive Review</title><link>https://sajid.buet.ac.bd/bn/publication/j-018/</link><pubDate>Sun, 01 Jan 2023 00:00:00 +0000</pubDate><guid>https://sajid.buet.ac.bd/bn/publication/j-018/</guid><description/></item><item><title>Design and Performance Analysis of a c-Si Thin-Film Solar Cell Using Plasmonic Ag Nanostructures</title><link>https://sajid.buet.ac.bd/bn/publication/c-019/</link><pubDate>Sun, 01 Jan 2023 00:00:00 +0000</pubDate><guid>https://sajid.buet.ac.bd/bn/publication/c-019/</guid><description/></item><item><title>Development of an Internet of Things based Bangla Calendar Clock</title><link>https://sajid.buet.ac.bd/bn/publication/c-020/</link><pubDate>Sun, 01 Jan 2023 00:00:00 +0000</pubDate><guid>https://sajid.buet.ac.bd/bn/publication/c-020/</guid><description/></item><item><title>Discrete Modulated Continuous-Variable Quantum Key Distribution: Security and Noise Tolerance Enhanced by Decoy States and Effective Error Correction Protocol Integration</title><link>https://sajid.buet.ac.bd/bn/publication/c-021/</link><pubDate>Sun, 01 Jan 2023 00:00:00 +0000</pubDate><guid>https://sajid.buet.ac.bd/bn/publication/c-021/</guid><description/></item><item><title>Reconfigurable Broadband Metasurface with Switchable Functionalities in the Visible Range</title><link>https://sajid.buet.ac.bd/bn/publication/j-019/</link><pubDate>Sun, 01 Jan 2023 00:00:00 +0000</pubDate><guid>https://sajid.buet.ac.bd/bn/publication/j-019/</guid><description/></item><item><title>VO2-based All-optical Reflection Modulator for 2μm Wave Band</title><link>https://sajid.buet.ac.bd/bn/publication/c-022/</link><pubDate>Sun, 01 Jan 2023 00:00:00 +0000</pubDate><guid>https://sajid.buet.ac.bd/bn/publication/c-022/</guid><description/></item><item><title>এন্টেনা সিস্টেমস</title><link>https://sajid.buet.ac.bd/bn/research/antenna/</link><pubDate>Mon, 24 Oct 2022 00:00:00 +0000</pubDate><guid>https://sajid.buet.ac.bd/bn/research/antenna/</guid><description/></item><item><title>এম্বেডেড সিস্টেমস</title><link>https://sajid.buet.ac.bd/bn/research/embedded/</link><pubDate>Mon, 24 Oct 2022 00:00:00 +0000</pubDate><guid>https://sajid.buet.ac.bd/bn/research/embedded/</guid><description/></item><item><title>কম্পিউটিং সিস্টেমস</title><link>https://sajid.buet.ac.bd/bn/research/computing/</link><pubDate>Mon, 24 Oct 2022 00:00:00 +0000</pubDate><guid>https://sajid.buet.ac.bd/bn/research/computing/</guid><description/></item><item><title>কোয়ান্টাম সিস্টেমস</title><link>https://sajid.buet.ac.bd/bn/research/quantum/</link><pubDate>Mon, 24 Oct 2022 00:00:00 +0000</pubDate><guid>https://sajid.buet.ac.bd/bn/research/quantum/</guid><description/></item><item><title>নবায়নযোগ্য শক্তি সংক্রান্ত সিস্টেমস</title><link>https://sajid.buet.ac.bd/bn/research/renewable/</link><pubDate>Mon, 24 Oct 2022 00:00:00 +0000</pubDate><guid>https://sajid.buet.ac.bd/bn/research/renewable/</guid><description/></item><item><title>ফোটোনিক সিস্টেমস</title><link>https://sajid.buet.ac.bd/bn/research/photonics/</link><pubDate>Mon, 24 Oct 2022 00:00:00 +0000</pubDate><guid>https://sajid.buet.ac.bd/bn/research/photonics/</guid><description/></item><item><title>যোগাযোগ</title><link>https://sajid.buet.ac.bd/bn/contact/</link><pubDate>Mon, 24 Oct 2022 00:00:00 +0000</pubDate><guid>https://sajid.buet.ac.bd/bn/contact/</guid><description/></item><item><title>Custom Gold-Patterned Rewritable Optical Disc based Plasmonic Sensor for Blood Hemoglobin Detection</title><link>https://sajid.buet.ac.bd/bn/publication/j-016/</link><pubDate>Sat, 01 Jan 2022 00:00:00 +0000</pubDate><guid>https://sajid.buet.ac.bd/bn/publication/j-016/</guid><description/></item><item><title>TiN-GST-TiN all-optical reflection modulator for the 2μm wave band reaching 85% efficiency</title><link>https://sajid.buet.ac.bd/bn/publication/j-017/</link><pubDate>Sat, 01 Jan 2022 00:00:00 +0000</pubDate><guid>https://sajid.buet.ac.bd/bn/publication/j-017/</guid><description/></item><item><title>Thermophotovoltaic system and method of making the same</title><link>https://sajid.buet.ac.bd/bn/publication/p-02/</link><pubDate>Thu, 29 Jul 2021 00:00:00 +0000</pubDate><guid>https://sajid.buet.ac.bd/bn/publication/p-02/</guid><description/></item><item><title>A Review on Plasmonic Nano-biosensors for Virus Detection with a Focus on Coronavirus</title><link>https://sajid.buet.ac.bd/bn/publication/j-014/</link><pubDate>Fri, 01 Jan 2021 00:00:00 +0000</pubDate><guid>https://sajid.buet.ac.bd/bn/publication/j-014/</guid><description/></item><item><title>T Grating on Nano-Cavity Array based Refractive Index Sensor</title><link>https://sajid.buet.ac.bd/bn/publication/j-015/</link><pubDate>Fri, 01 Jan 2021 00:00:00 +0000</pubDate><guid>https://sajid.buet.ac.bd/bn/publication/j-015/</guid><description/></item><item><title>Computationally efficient surface conductivity graphene model for tunable graphene-based devices (Conference Presentation)</title><link>https://sajid.buet.ac.bd/bn/publication/c-017/</link><pubDate>Wed, 01 Jan 2020 00:00:00 +0000</pubDate><guid>https://sajid.buet.ac.bd/bn/publication/c-017/</guid><description/></item><item><title>Structurally Tunable Gear-Shaped Plasmonic Sensor</title><link>https://sajid.buet.ac.bd/bn/publication/j-013/</link><pubDate>Wed, 01 Jan 2020 00:00:00 +0000</pubDate><guid>https://sajid.buet.ac.bd/bn/publication/j-013/</guid><description/></item><item><title>Colors with plasmonic nanostructures: A full-spectrum review</title><link>https://sajid.buet.ac.bd/bn/publication/j-009/</link><pubDate>Tue, 01 Jan 2019 00:00:00 +0000</pubDate><guid>https://sajid.buet.ac.bd/bn/publication/j-009/</guid><description/></item><item><title>Enhancing sensitivity to ambient refractive index with tunable few-layer graphene/hBN nanoribbons</title><link>https://sajid.buet.ac.bd/bn/publication/j-010/</link><pubDate>Tue, 01 Jan 2019 00:00:00 +0000</pubDate><guid>https://sajid.buet.ac.bd/bn/publication/j-010/</guid><description/></item><item><title>Modulating Phase by Metasurfaces with Gated Ultra-thin TiN Films</title><link>https://sajid.buet.ac.bd/bn/publication/j-011/</link><pubDate>Tue, 01 Jan 2019 00:00:00 +0000</pubDate><guid>https://sajid.buet.ac.bd/bn/publication/j-011/</guid><description/></item><item><title>Roadmap on metasurfaces</title><link>https://sajid.buet.ac.bd/bn/publication/j-012/</link><pubDate>Tue, 01 Jan 2019 00:00:00 +0000</pubDate><guid>https://sajid.buet.ac.bd/bn/publication/j-012/</guid><description/></item><item><title>System for producing ultra-thin color phase hologram with metasurfaces</title><link>https://sajid.buet.ac.bd/bn/publication/p-01/</link><pubDate>Tue, 24 Apr 2018 00:00:00 +0000</pubDate><guid>https://sajid.buet.ac.bd/bn/publication/p-01/</guid><description/></item><item><title>Bi-anisotropic homogenization for efficient metasurface design (invited)</title><link>https://sajid.buet.ac.bd/bn/publication/c-016/</link><pubDate>Mon, 01 Jan 2018 00:00:00 +0000</pubDate><guid>https://sajid.buet.ac.bd/bn/publication/c-016/</guid><description/></item><item><title>Material platforms for optical metasurfaces</title><link>https://sajid.buet.ac.bd/bn/publication/j-008/</link><pubDate>Mon, 01 Jan 2018 00:00:00 +0000</pubDate><guid>https://sajid.buet.ac.bd/bn/publication/j-008/</guid><description/></item><item><title>Hybrid plasmonic waveguides formed by metal coating of dielectric ridges</title><link>https://sajid.buet.ac.bd/bn/publication/j-006/</link><pubDate>Sun, 01 Jan 2017 00:00:00 +0000</pubDate><guid>https://sajid.buet.ac.bd/bn/publication/j-006/</guid><description/></item><item><title>Novel Hard Mask Fabrication Method for Hybrid Plasmonic Waveguide and Metasurfaces</title><link>https://sajid.buet.ac.bd/bn/publication/c-015/</link><pubDate>Sun, 01 Jan 2017 00:00:00 +0000</pubDate><guid>https://sajid.buet.ac.bd/bn/publication/c-015/</guid><description/></item><item><title>Pancharatnam–Berry Phase Manipulating Metasurface for Visible Color Hologram Based on Low Loss Silver Thin Film</title><link>https://sajid.buet.ac.bd/bn/publication/j-007/</link><pubDate>Sun, 01 Jan 2017 00:00:00 +0000</pubDate><guid>https://sajid.buet.ac.bd/bn/publication/j-007/</guid><description/></item><item><title>Controlling the Polarization State of Light with Plasmonic Metal Oxide Metasurface</title><link>https://sajid.buet.ac.bd/bn/publication/j-005/</link><pubDate>Fri, 01 Jan 2016 00:00:00 +0000</pubDate><guid>https://sajid.buet.ac.bd/bn/publication/j-005/</guid><description/></item><item><title>Experimental Realization of Color Hologram Using Pancharatnam-Berry Phase Manipulating Metasurface</title><link>https://sajid.buet.ac.bd/bn/publication/c-014/</link><pubDate>Fri, 01 Jan 2016 00:00:00 +0000</pubDate><guid>https://sajid.buet.ac.bd/bn/publication/c-014/</guid><description/></item><item><title>Color Hologram Generation Using a Pancharatnam-Berry Phase Manipulating Metasurface</title><link>https://sajid.buet.ac.bd/bn/publication/c-013/</link><pubDate>Thu, 01 Jan 2015 00:00:00 +0000</pubDate><guid>https://sajid.buet.ac.bd/bn/publication/c-013/</guid><description/></item><item><title>GZO/ZnO Multilayered nanodisk metasurface to engineer the plasma frequency</title><link>https://sajid.buet.ac.bd/bn/publication/c-010/</link><pubDate>Wed, 01 Jan 2014 00:00:00 +0000</pubDate><guid>https://sajid.buet.ac.bd/bn/publication/c-010/</guid><description/></item><item><title>Nanostructured Transparent Conducting Oxide Films for Polarization Control with Plasmonic Metasurfaces</title><link>https://sajid.buet.ac.bd/bn/publication/c-011/</link><pubDate>Wed, 01 Jan 2014 00:00:00 +0000</pubDate><guid>https://sajid.buet.ac.bd/bn/publication/c-011/</guid><description/></item><item><title>Self-localization of a mobile robot using monocular vision of a chessboard pattern</title><link>https://sajid.buet.ac.bd/bn/publication/c-012/</link><pubDate>Wed, 01 Jan 2014 00:00:00 +0000</pubDate><guid>https://sajid.buet.ac.bd/bn/publication/c-012/</guid><description/></item><item><title>Multiport Analysis of Hexagonal Patch Antenna</title><link>https://sajid.buet.ac.bd/bn/publication/j-004/</link><pubDate>Tue, 01 Jan 2013 00:00:00 +0000</pubDate><guid>https://sajid.buet.ac.bd/bn/publication/j-004/</guid><description/></item><item><title>Effect of FSS ground plane on second iteration of hexaflake fractal patch antenna</title><link>https://sajid.buet.ac.bd/bn/publication/c-009/</link><pubDate>Sun, 01 Jan 2012 00:00:00 +0000</pubDate><guid>https://sajid.buet.ac.bd/bn/publication/c-009/</guid><description/></item><item><title>Approximate Closed-Form Expression of the Electric Field of a Conical Horn Antenna</title><link>https://sajid.buet.ac.bd/bn/publication/j-001/</link><pubDate>Sat, 01 Jan 2011 00:00:00 +0000</pubDate><guid>https://sajid.buet.ac.bd/bn/publication/j-001/</guid><description/></item><item><title>Design and optimisation of a novel dual-band circularly polarised microstrip antenna</title><link>https://sajid.buet.ac.bd/bn/publication/j-002/</link><pubDate>Sat, 01 Jan 2011 00:00:00 +0000</pubDate><guid>https://sajid.buet.ac.bd/bn/publication/j-002/</guid><description/></item><item><title>Developing A Low-Cost Multiple Motor Switched Photovoltaic Powered Irrigation System</title><link>https://sajid.buet.ac.bd/bn/publication/c-008/</link><pubDate>Sat, 01 Jan 2011 00:00:00 +0000</pubDate><guid>https://sajid.buet.ac.bd/bn/publication/c-008/</guid><description/></item><item><title>Phased Array Synthesis Using Modified Particle Swarm Optimization</title><link>https://sajid.buet.ac.bd/bn/publication/j-003/</link><pubDate>Sat, 01 Jan 2011 00:00:00 +0000</pubDate><guid>https://sajid.buet.ac.bd/bn/publication/j-003/</guid><description/></item><item><title>A Novel Approach for Changing Bandwidth of FSS Filter Using Gradual Circumferential Variation of Loaded Elements</title><link>https://sajid.buet.ac.bd/bn/publication/c-004/</link><pubDate>Fri, 01 Jan 2010 00:00:00 +0000</pubDate><guid>https://sajid.buet.ac.bd/bn/publication/c-004/</guid><description/></item><item><title>Design of an X band aperture matched horn antenna by optimization of back-lobe and cross-polarization level</title><link>https://sajid.buet.ac.bd/bn/publication/c-005/</link><pubDate>Fri, 01 Jan 2010 00:00:00 +0000</pubDate><guid>https://sajid.buet.ac.bd/bn/publication/c-005/</guid><description/></item><item><title>Optimization and analysis of a Ka band Pickett Potter horn antenna with low cross polarization</title><link>https://sajid.buet.ac.bd/bn/publication/c-006/</link><pubDate>Fri, 01 Jan 2010 00:00:00 +0000</pubDate><guid>https://sajid.buet.ac.bd/bn/publication/c-006/</guid><description/></item><item><title>Sensitivity analysis of a circularly polarized U-slot microstrip antenna</title><link>https://sajid.buet.ac.bd/bn/publication/c-007/</link><pubDate>Fri, 01 Jan 2010 00:00:00 +0000</pubDate><guid>https://sajid.buet.ac.bd/bn/publication/c-007/</guid><description/></item><item><title>Analysis of a conical corrugated horn operating in the K-band with low cross-polarization and high aperture efficiency, and observing its radiation patterns</title><link>https://sajid.buet.ac.bd/bn/publication/c-002/</link><pubDate>Thu, 01 Jan 2009 00:00:00 +0000</pubDate><guid>https://sajid.buet.ac.bd/bn/publication/c-002/</guid><description/></item><item><title>Modeling the illumination function of a cassegrain reflector for a corrugated horn feed and calculation of the far field pattern</title><link>https://sajid.buet.ac.bd/bn/publication/c-003/</link><pubDate>Thu, 01 Jan 2009 00:00:00 +0000</pubDate><guid>https://sajid.buet.ac.bd/bn/publication/c-003/</guid><description/></item><item><title>Design and implementation of a low cost Power Factor Improvement device</title><link>https://sajid.buet.ac.bd/bn/publication/c-001/</link><pubDate>Tue, 01 Jan 2008 00:00:00 +0000</pubDate><guid>https://sajid.buet.ac.bd/bn/publication/c-001/</guid><description/></item><item><title>Dr. Sajid Muhaimin Choudhury</title><link>https://sajid.buet.ac.bd/bn/author/dr.-sajid-muhaimin-choudhury/</link><pubDate>Mon, 01 Jan 0001 00:00:00 +0000</pubDate><guid>https://sajid.buet.ac.bd/bn/author/dr.-sajid-muhaimin-choudhury/</guid><description>&lt;h2 id="short-biography">Short Biography&lt;/h2>
&lt;p>ডঃ সাজিদ চৌধুরী বর্তমানে BUET-এর বৈদ্যুতিক ও ইলেকট্রনিক প্রকৌশল বিভাগে সহযোগী অধ্যাপক হিসেবে কর্মরত আছেন। ডঃ চৌধুরী তাঁর পিএইচডি ইলেকট্রিক্যাল ও কম্পিউটার ইঞ্জিনিয়ারিং স্কুল, Purdue University থেকে সম্পন্ন করেছেন। ফোটোনিক্স সম্পর্কিত সমস্যা সমাধানে পরীক্ষামূলক ও সাংখ্যিক পদ্ধতির দক্ষতা অর্জনের সুযোগ তিনি লাভ করেছেন। তাঁর বর্তমান গবেষণার আগ্রহের বিষয়গুলোর মধ্যে রয়েছে ফোটোনিক কোয়ান্টাম কম্পিউটিং, মেটাসারফেস সহ ফ্ল্যাট অপটিক্স, ফেজ পরিবর্তনশীল উপাদানসমৃদ্ধ ফোটোনিক ডিভাইস, এবং এম্বেডেড সিস্টেম ডিজাইন। তিনি ফোটোনিক্স এবং কোয়ান্টাম কম্পিউটেশনের মৌলিক ও উচ্চ-প্রভাবসম্পন্ন গবেষণা প্রশ্নগুলোর সমাধানের পাশাপাশি বাংলাদেশের প্রাসঙ্গিক চাহিদা পূরণের জন্য ব্যবহারিক প্রযুক্তিগত সমাধান ডিজাইন করার লক্ষ্যে কাজ করছেন। ডঃ চৌধুরী BUET-এর বৈদ্যুতিক ও ইলেকট্রনিক প্রকৌশল বিভাগে স্ব-মূল্যায়ন কমিটির সদস্য হিসেবে শিক্ষার গুণগত মান উন্নয়নে অবিরাম প্রচেষ্টা চালাচ্ছেন। তিনি বিভিন্ন পেশাগত সমিতিতে সক্রিয়ভাবে অংশগ্রহণ ও স্বেচ্ছাসেবক হিসেবে কর্মরত আছেন। ডঃ চৌধুরী, IEEE বাংলাদেশ সেকশনের শিক্ষা কার্যক্রমের চেয়ারম্যান, IEEE Photonics Society বাংলাদেশ অধ্যায়ের চেয়ারম্যান এবং Optica বাংলাদেশ সেকশনের প্রতিষ্ঠাতা সভাপতি হিসেবে অবদান রাখছেন। এছাড়াও, ডঃ চৌধুরী IEEE-এর সিনিয়র সদস্য এবং Optica-এর সদস্য এবং National Young Academy of Bangladesh (NYAB)-এর একজন সদস্য।&lt;/p>
&lt;p>&lt;a href="../../authors/cv.pdf">এখানে ক্লিক করুন&lt;/a> বিস্তারিত সিভি ডাউনলোড করতে।&lt;/p></description></item></channel></rss>