<?xml version="1.0" encoding="utf-8" standalone="yes"?><rss version="2.0" xmlns:atom="http://www.w3.org/2005/Atom"><channel><title>Dr. Sajid Muhaimin Choudhury | Q-PACERS (DSMC-RG)</title><link>https://sajid.buet.ac.bd/author/dsmc/</link><atom:link href="https://sajid.buet.ac.bd/author/dsmc/index.xml" rel="self" type="application/rss+xml"/><description>Dr. Sajid Muhaimin Choudhury</description><generator>Hugo Blox Builder (https://hugoblox.com)</generator><language>en-us</language><image><url>https://sajid.buet.ac.bd/author/dsmc/avatar_hu_592d354cf0f099a2.jpg</url><title>Dr. Sajid Muhaimin Choudhury</title><link>https://sajid.buet.ac.bd/author/dsmc/</link></image></channel></rss>