<?xml version="1.0" encoding="utf-8" standalone="yes"?><rss version="2.0" xmlns:atom="http://www.w3.org/2005/Atom"><channel><title>Andrea Alu | Q-PACERS / কিউ-প্যাকার্স</title><link>https://sajid.buet.ac.bd/bn/author/Andrea-Alu/</link><atom:link href="https://sajid.buet.ac.bd/bn/author/Andrea-Alu/index.xml" rel="self" type="application/rss+xml"/><description>Andrea Alu</description><generator>Hugo Blox Builder (https://hugoblox.com)</generator><language>bn</language><lastBuildDate>Wed, 01 Jan 2014 00:00:00 +0000</lastBuildDate><image><url>https://sajid.buet.ac.bd/media/icon_hu_f05efc27037f3153.png</url><title>Andrea Alu</title><link>https://sajid.buet.ac.bd/bn/author/Andrea-Alu/</link></image><item><title>Nanostructured Transparent Conducting Oxide Films for Polarization Control with Plasmonic Metasurfaces</title><link>https://sajid.buet.ac.bd/bn/publication/c-011/</link><pubDate>Wed, 01 Jan 2014 00:00:00 +0000</pubDate><guid>https://sajid.buet.ac.bd/bn/publication/c-011/</guid><description/></item></channel></rss>