<?xml version="1.0" encoding="utf-8" standalone="yes"?><rss version="2.0" xmlns:atom="http://www.w3.org/2005/Atom"><channel><title>Zafrin Jahan Nikita | Q-PACERS (DSMC-RG)</title><link>https://sajid.buet.ac.bd/author/Zafrin-Jahan-Nikita/</link><atom:link href="https://sajid.buet.ac.bd/author/Zafrin-Jahan-Nikita/index.xml" rel="self" type="application/rss+xml"/><description>Zafrin Jahan Nikita</description><generator>Hugo Blox Builder (https://hugoblox.com)</generator><language>en-us</language><lastBuildDate>Mon, 01 Jan 2024 00:00:00 +0000</lastBuildDate><image><url>https://sajid.buet.ac.bd/media/icon_hu_f05efc27037f3153.png</url><title>Zafrin Jahan Nikita</title><link>https://sajid.buet.ac.bd/author/Zafrin-Jahan-Nikita/</link></image><item><title>Gesture Controlled Bot with Temperature &amp; Humidity (TH) Sensing Features</title><link>https://sajid.buet.ac.bd/bn/publication/c-023/</link><pubDate>Mon, 01 Jan 2024 00:00:00 +0000</pubDate><guid>https://sajid.buet.ac.bd/bn/publication/c-023/</guid><description/></item><item><title>Gesture Controlled Bot with Temperature &amp; Humidity (TH) Sensing Features</title><link>https://sajid.buet.ac.bd/publication/c-023/</link><pubDate>Mon, 01 Jan 2024 00:00:00 +0000</pubDate><guid>https://sajid.buet.ac.bd/publication/c-023/</guid><description/></item></channel></rss>