<?xml version="1.0" encoding="utf-8" standalone="yes"?><rss version="2.0" xmlns:atom="http://www.w3.org/2005/Atom"><channel><title>Authors | Q-PACERS (DSMC-RG)</title><link>https://sajid.buet.ac.bd/authors/</link><atom:link href="https://sajid.buet.ac.bd/authors/index.xml" rel="self" type="application/rss+xml"/><description>Authors</description><generator>Hugo Blox Builder (https://hugoblox.com)</generator><language>en-us</language><lastBuildDate>Wed, 01 Jan 2025 00:00:00 +0000</lastBuildDate><image><url>https://sajid.buet.ac.bd/media/icon_hu_f05efc27037f3153.png</url><title>Authors</title><link>https://sajid.buet.ac.bd/authors/</link></image></channel></rss>