<?xml version="1.0" encoding="utf-8" standalone="yes"?><rss version="2.0" xmlns:atom="http://www.w3.org/2005/Atom"><channel><title>Urcan Guler | Q-PACERS (DSMC-RG)</title><link>https://sajid.buet.ac.bd/author/Urcan-Guler/</link><atom:link href="https://sajid.buet.ac.bd/author/Urcan-Guler/index.xml" rel="self" type="application/rss+xml"/><description>Urcan Guler</description><generator>Hugo Blox Builder (https://hugoblox.com)</generator><language>en-us</language><lastBuildDate>Thu, 29 Jul 2021 00:00:00 +0000</lastBuildDate><image><url>https://sajid.buet.ac.bd/media/icon_hu_f05efc27037f3153.png</url><title>Urcan Guler</title><link>https://sajid.buet.ac.bd/author/Urcan-Guler/</link></image><item><title>Thermophotovoltaic system and method of making the same</title><link>https://sajid.buet.ac.bd/bn/publication/p-02/</link><pubDate>Thu, 29 Jul 2021 00:00:00 +0000</pubDate><guid>https://sajid.buet.ac.bd/bn/publication/p-02/</guid><description/></item><item><title>Thermophotovoltaic system and method of making the same</title><link>https://sajid.buet.ac.bd/publication/p-02/</link><pubDate>Thu, 29 Jul 2021 00:00:00 +0000</pubDate><guid>https://sajid.buet.ac.bd/publication/p-02/</guid><description/></item><item><title>Pancharatnam–Berry Phase Manipulating Metasurface for Visible Color Hologram Based on Low Loss Silver Thin Film</title><link>https://sajid.buet.ac.bd/bn/publication/j-007/</link><pubDate>Sun, 01 Jan 2017 00:00:00 +0000</pubDate><guid>https://sajid.buet.ac.bd/bn/publication/j-007/</guid><description/></item><item><title>Pancharatnam–Berry Phase Manipulating Metasurface for Visible Color Hologram Based on Low Loss Silver Thin Film</title><link>https://sajid.buet.ac.bd/publication/j-007/</link><pubDate>Sun, 01 Jan 2017 00:00:00 +0000</pubDate><guid>https://sajid.buet.ac.bd/publication/j-007/</guid><description/></item></channel></rss>