<?xml version="1.0" encoding="utf-8" standalone="yes"?><rss version="2.0" xmlns:atom="http://www.w3.org/2005/Atom"><channel><title>Md. Mesbah Uddin | Q-PACERS (DSMC-RG)</title><link>https://sajid.buet.ac.bd/author/Md.-Mesbah-Uddin/</link><atom:link href="https://sajid.buet.ac.bd/author/Md.-Mesbah-Uddin/index.xml" rel="self" type="application/rss+xml"/><description>Md. Mesbah Uddin</description><generator>Hugo Blox Builder (https://hugoblox.com)</generator><language>en-us</language><image><url>https://sajid.buet.ac.bd/author/Md.-Mesbah-Uddin/avatar_hu_40efa2d7c87eb24d.jpg</url><title>Md. Mesbah Uddin</title><link>https://sajid.buet.ac.bd/author/Md.-Mesbah-Uddin/</link></image><item><title>Md. Mesbah Uddin</title><link>https://sajid.buet.ac.bd/author/Md.-Mesbah-Uddin/</link><pubDate>Mon, 01 Jan 0001 00:00:00 +0000</pubDate><guid>https://sajid.buet.ac.bd/author/Md.-Mesbah-Uddin/</guid><description/></item></channel></rss>