<?xml version="1.0" encoding="utf-8" standalone="yes"?><rss version="2.0" xmlns:atom="http://www.w3.org/2005/Atom"><channel><title>Clayton DeVault | Q-PACERS (DSMC-RG)</title><link>https://sajid.buet.ac.bd/author/Clayton-DeVault/</link><atom:link href="https://sajid.buet.ac.bd/author/Clayton-DeVault/index.xml" rel="self" type="application/rss+xml"/><description>Clayton DeVault</description><generator>Hugo Blox Builder (https://hugoblox.com)</generator><language>en-us</language><lastBuildDate>Mon, 01 Jan 2018 00:00:00 +0000</lastBuildDate><image><url>https://sajid.buet.ac.bd/media/icon_hu_f05efc27037f3153.png</url><title>Clayton DeVault</title><link>https://sajid.buet.ac.bd/author/Clayton-DeVault/</link></image><item><title>Material platforms for optical metasurfaces</title><link>https://sajid.buet.ac.bd/bn/publication/j-008/</link><pubDate>Mon, 01 Jan 2018 00:00:00 +0000</pubDate><guid>https://sajid.buet.ac.bd/bn/publication/j-008/</guid><description/></item><item><title>Material platforms for optical metasurfaces</title><link>https://sajid.buet.ac.bd/publication/j-008/</link><pubDate>Mon, 01 Jan 2018 00:00:00 +0000</pubDate><guid>https://sajid.buet.ac.bd/publication/j-008/</guid><description/></item><item><title>Controlling the Polarization State of Light with Plasmonic Metal Oxide Metasurface</title><link>https://sajid.buet.ac.bd/bn/publication/j-005/</link><pubDate>Fri, 01 Jan 2016 00:00:00 +0000</pubDate><guid>https://sajid.buet.ac.bd/bn/publication/j-005/</guid><description/></item><item><title>Controlling the Polarization State of Light with Plasmonic Metal Oxide Metasurface</title><link>https://sajid.buet.ac.bd/publication/j-005/</link><pubDate>Fri, 01 Jan 2016 00:00:00 +0000</pubDate><guid>https://sajid.buet.ac.bd/publication/j-005/</guid><description/></item></channel></rss>