<?xml version="1.0" encoding="utf-8" standalone="yes"?><rss version="2.0" xmlns:atom="http://www.w3.org/2005/Atom"><channel><title>Md. Ehsanul Karim | Q-PACERS / কিউ-প্যাকার্স</title><link>https://sajid.buet.ac.bd/bn/author/Md.-Ehsanul-Karim/</link><atom:link href="https://sajid.buet.ac.bd/bn/author/Md.-Ehsanul-Karim/index.xml" rel="self" type="application/rss+xml"/><description>Md. Ehsanul Karim</description><generator>Hugo Blox Builder (https://hugoblox.com)</generator><language>bn</language><lastBuildDate>Wed, 01 Jan 2025 00:00:00 +0000</lastBuildDate><image><url>https://sajid.buet.ac.bd/media/icon_hu_f05efc27037f3153.png</url><title>Md. Ehsanul Karim</title><link>https://sajid.buet.ac.bd/bn/author/Md.-Ehsanul-Karim/</link></image><item><title>Synergizing deep learning and phase change materials for four-state broadband multifunctional metasurfaces in the visible range</title><link>https://sajid.buet.ac.bd/bn/publication/j-024/</link><pubDate>Wed, 01 Jan 2025 00:00:00 +0000</pubDate><guid>https://sajid.buet.ac.bd/bn/publication/j-024/</guid><description/></item><item><title>Sb2S3/AlGaAs based Reconfigurable Metasurface for Dynamic Polarization and Directionality Control of Quantum Emitter Emission</title><link>https://sajid.buet.ac.bd/bn/publication/j-020/</link><pubDate>Mon, 01 Jan 2024 00:00:00 +0000</pubDate><guid>https://sajid.buet.ac.bd/bn/publication/j-020/</guid><description/></item><item><title>A Polarization Insensitive Achromatic Metalens Operating at Two Wavelengths in Visible Regime</title><link>https://sajid.buet.ac.bd/bn/publication/c-018/</link><pubDate>Sun, 01 Jan 2023 00:00:00 +0000</pubDate><guid>https://sajid.buet.ac.bd/bn/publication/c-018/</guid><description/></item><item><title>Reconfigurable Broadband Metasurface with Switchable Functionalities in the Visible Range</title><link>https://sajid.buet.ac.bd/bn/publication/j-019/</link><pubDate>Sun, 01 Jan 2023 00:00:00 +0000</pubDate><guid>https://sajid.buet.ac.bd/bn/publication/j-019/</guid><description/></item></channel></rss>