<?xml version="1.0" encoding="utf-8" standalone="yes"?><rss version="2.0" xmlns:atom="http://www.w3.org/2005/Atom"><channel><title>Kushol Roy Pritom | Q-PACERS / কিউ-প্যাকার্স</title><link>https://sajid.buet.ac.bd/bn/author/Kushol-Roy-Pritom/</link><atom:link href="https://sajid.buet.ac.bd/bn/author/Kushol-Roy-Pritom/index.xml" rel="self" type="application/rss+xml"/><description>Kushol Roy Pritom</description><generator>Hugo Blox Builder (https://hugoblox.com)</generator><language>bn</language><lastBuildDate>Sun, 01 Jan 2023 00:00:00 +0000</lastBuildDate><image><url>https://sajid.buet.ac.bd/media/icon_hu_f05efc27037f3153.png</url><title>Kushol Roy Pritom</title><link>https://sajid.buet.ac.bd/bn/author/Kushol-Roy-Pritom/</link></image><item><title>A Polarization Insensitive Achromatic Metalens Operating at Two Wavelengths in Visible Regime</title><link>https://sajid.buet.ac.bd/bn/publication/c-018/</link><pubDate>Sun, 01 Jan 2023 00:00:00 +0000</pubDate><guid>https://sajid.buet.ac.bd/bn/publication/c-018/</guid><description/></item></channel></rss>