<?xml version="1.0" encoding="utf-8" standalone="yes"?><rss version="2.0" xmlns:atom="http://www.w3.org/2005/Atom"><channel><title>Babak Memarzadeh | Q-PACERS / কিউ-প্যাকার্স</title><link>https://sajid.buet.ac.bd/bn/author/Babak-Memarzadeh/</link><atom:link href="https://sajid.buet.ac.bd/bn/author/Babak-Memarzadeh/index.xml" rel="self" type="application/rss+xml"/><description>Babak Memarzadeh</description><generator>Hugo Blox Builder (https://hugoblox.com)</generator><language>bn</language><lastBuildDate>Wed, 01 Jan 2014 00:00:00 +0000</lastBuildDate><image><url>https://sajid.buet.ac.bd/media/icon_hu_f05efc27037f3153.png</url><title>Babak Memarzadeh</title><link>https://sajid.buet.ac.bd/bn/author/Babak-Memarzadeh/</link></image><item><title>GZO/ZnO Multilayered nanodisk metasurface to engineer the plasma frequency</title><link>https://sajid.buet.ac.bd/bn/publication/c-010/</link><pubDate>Wed, 01 Jan 2014 00:00:00 +0000</pubDate><guid>https://sajid.buet.ac.bd/bn/publication/c-010/</guid><description/></item></channel></rss>