<?xml version="1.0" encoding="utf-8" standalone="yes"?><rss version="2.0" xmlns:atom="http://www.w3.org/2005/Atom"><channel><title>Naved Sadat Yamin | Q-PACERS (DSMC-RG)</title><link>https://sajid.buet.ac.bd/author/naved-sadat-yamin/</link><atom:link href="https://sajid.buet.ac.bd/author/naved-sadat-yamin/index.xml" rel="self" type="application/rss+xml"/><description>Naved Sadat Yamin</description><generator>Hugo Blox Builder (https://hugoblox.com)</generator><language>en-us</language><image><url>https://sajid.buet.ac.bd/author/naved-sadat-yamin/avatar_hu_5f597d5a636ebed.jpg</url><title>Naved Sadat Yamin</title><link>https://sajid.buet.ac.bd/author/naved-sadat-yamin/</link></image><item><title>Naved Sadat Yamin</title><link>https://sajid.buet.ac.bd/author/naved-sadat-yamin/</link><pubDate>Mon, 01 Jan 0001 00:00:00 +0000</pubDate><guid>https://sajid.buet.ac.bd/author/naved-sadat-yamin/</guid><description/></item></channel></rss>