<?xml version="1.0" encoding="utf-8" standalone="yes"?><rss version="2.0" xmlns:atom="http://www.w3.org/2005/Atom"><channel><title>Sadat Tahmeed Azad | Q-PACERS (DSMC-RG)</title><link>https://sajid.buet.ac.bd/author/sadat-tahmeed-azad/</link><atom:link href="https://sajid.buet.ac.bd/author/sadat-tahmeed-azad/index.xml" rel="self" type="application/rss+xml"/><description>Sadat Tahmeed Azad</description><generator>Hugo Blox Builder (https://hugoblox.com)</generator><language>en-us</language><lastBuildDate>Sun, 01 Jan 2023 00:00:00 +0000</lastBuildDate><image><url>https://sajid.buet.ac.bd/media/icon_hu_f05efc27037f3153.png</url><title>Sadat Tahmeed Azad</title><link>https://sajid.buet.ac.bd/author/sadat-tahmeed-azad/</link></image><item><title>Development of an Internet of Things based Bangla Calendar Clock</title><link>https://sajid.buet.ac.bd/publication/c-020/</link><pubDate>Sun, 01 Jan 2023 00:00:00 +0000</pubDate><guid>https://sajid.buet.ac.bd/publication/c-020/</guid><description/></item></channel></rss>