<?xml version="1.0" encoding="utf-8" standalone="yes"?><rss version="2.0" xmlns:atom="http://www.w3.org/2005/Atom"><channel><title>Patent | Q-PACERS (DSMC-RG)</title><link>https://sajid.buet.ac.bd/publication_types/patent/</link><atom:link href="https://sajid.buet.ac.bd/publication_types/patent/index.xml" rel="self" type="application/rss+xml"/><description>Patent</description><generator>Hugo Blox Builder (https://hugoblox.com)</generator><language>en-us</language><lastBuildDate>Thu, 29 Jul 2021 00:00:00 +0000</lastBuildDate><image><url>https://sajid.buet.ac.bd/media/icon_hu_f05efc27037f3153.png</url><title>Patent</title><link>https://sajid.buet.ac.bd/publication_types/patent/</link></image><item><title>Thermophotovoltaic system and method of making the same</title><link>https://sajid.buet.ac.bd/publication/p-02/</link><pubDate>Thu, 29 Jul 2021 00:00:00 +0000</pubDate><guid>https://sajid.buet.ac.bd/publication/p-02/</guid><description/></item><item><title>System for producing ultra-thin color phase hologram with metasurfaces</title><link>https://sajid.buet.ac.bd/publication/p-01/</link><pubDate>Tue, 24 Apr 2018 00:00:00 +0000</pubDate><guid>https://sajid.buet.ac.bd/publication/p-01/</guid><description/></item></channel></rss>