<?xml version="1.0" encoding="utf-8" standalone="yes"?><rss version="2.0" xmlns:atom="http://www.w3.org/2005/Atom"><channel><title>Paper-Conference | Q-PACERS (DSMC-RG)</title><link>https://sajid.buet.ac.bd/publication_types/paper-conference/</link><atom:link href="https://sajid.buet.ac.bd/publication_types/paper-conference/index.xml" rel="self" type="application/rss+xml"/><description>Paper-Conference</description><generator>Hugo Blox Builder (https://hugoblox.com)</generator><language>en-us</language><lastBuildDate>Mon, 01 Jan 2024 00:00:00 +0000</lastBuildDate><image><url>https://sajid.buet.ac.bd/media/icon_hu_f05efc27037f3153.png</url><title>Paper-Conference</title><link>https://sajid.buet.ac.bd/publication_types/paper-conference/</link></image><item><title>Gesture Controlled Bot with Temperature &amp; Humidity (TH) Sensing Features</title><link>https://sajid.buet.ac.bd/publication/c-023/</link><pubDate>Mon, 01 Jan 2024 00:00:00 +0000</pubDate><guid>https://sajid.buet.ac.bd/publication/c-023/</guid><description/></item><item><title>A Polarization Insensitive Achromatic Metalens Operating at Two Wavelengths in Visible Regime</title><link>https://sajid.buet.ac.bd/publication/c-018/</link><pubDate>Sun, 01 Jan 2023 00:00:00 +0000</pubDate><guid>https://sajid.buet.ac.bd/publication/c-018/</guid><description/></item><item><title>Design and Performance Analysis of a c-Si Thin-Film Solar Cell Using Plasmonic Ag Nanostructures</title><link>https://sajid.buet.ac.bd/publication/c-019/</link><pubDate>Sun, 01 Jan 2023 00:00:00 +0000</pubDate><guid>https://sajid.buet.ac.bd/publication/c-019/</guid><description/></item><item><title>Development of an Internet of Things based Bangla Calendar Clock</title><link>https://sajid.buet.ac.bd/publication/c-020/</link><pubDate>Sun, 01 Jan 2023 00:00:00 +0000</pubDate><guid>https://sajid.buet.ac.bd/publication/c-020/</guid><description/></item><item><title>Discrete Modulated Continuous-Variable Quantum Key Distribution: Security and Noise Tolerance Enhanced by Decoy States and Effective Error Correction Protocol Integration</title><link>https://sajid.buet.ac.bd/publication/c-021/</link><pubDate>Sun, 01 Jan 2023 00:00:00 +0000</pubDate><guid>https://sajid.buet.ac.bd/publication/c-021/</guid><description/></item><item><title>VO2-based All-optical Reflection Modulator for 2μm Wave Band</title><link>https://sajid.buet.ac.bd/publication/c-022/</link><pubDate>Sun, 01 Jan 2023 00:00:00 +0000</pubDate><guid>https://sajid.buet.ac.bd/publication/c-022/</guid><description/></item><item><title>Computationally efficient surface conductivity graphene model for tunable graphene-based devices (Conference Presentation)</title><link>https://sajid.buet.ac.bd/publication/c-017/</link><pubDate>Wed, 01 Jan 2020 00:00:00 +0000</pubDate><guid>https://sajid.buet.ac.bd/publication/c-017/</guid><description/></item><item><title>Bi-anisotropic homogenization for efficient metasurface design (invited)</title><link>https://sajid.buet.ac.bd/publication/c-016/</link><pubDate>Mon, 01 Jan 2018 00:00:00 +0000</pubDate><guid>https://sajid.buet.ac.bd/publication/c-016/</guid><description/></item><item><title>Novel Hard Mask Fabrication Method for Hybrid Plasmonic Waveguide and Metasurfaces</title><link>https://sajid.buet.ac.bd/publication/c-015/</link><pubDate>Sun, 01 Jan 2017 00:00:00 +0000</pubDate><guid>https://sajid.buet.ac.bd/publication/c-015/</guid><description/></item><item><title>Experimental Realization of Color Hologram Using Pancharatnam-Berry Phase Manipulating Metasurface</title><link>https://sajid.buet.ac.bd/publication/c-014/</link><pubDate>Fri, 01 Jan 2016 00:00:00 +0000</pubDate><guid>https://sajid.buet.ac.bd/publication/c-014/</guid><description/></item><item><title>Color Hologram Generation Using a Pancharatnam-Berry Phase Manipulating Metasurface</title><link>https://sajid.buet.ac.bd/publication/c-013/</link><pubDate>Thu, 01 Jan 2015 00:00:00 +0000</pubDate><guid>https://sajid.buet.ac.bd/publication/c-013/</guid><description/></item><item><title>GZO/ZnO Multilayered nanodisk metasurface to engineer the plasma frequency</title><link>https://sajid.buet.ac.bd/publication/c-010/</link><pubDate>Wed, 01 Jan 2014 00:00:00 +0000</pubDate><guid>https://sajid.buet.ac.bd/publication/c-010/</guid><description/></item><item><title>Nanostructured Transparent Conducting Oxide Films for Polarization Control with Plasmonic Metasurfaces</title><link>https://sajid.buet.ac.bd/publication/c-011/</link><pubDate>Wed, 01 Jan 2014 00:00:00 +0000</pubDate><guid>https://sajid.buet.ac.bd/publication/c-011/</guid><description/></item><item><title>Self-localization of a mobile robot using monocular vision of a chessboard pattern</title><link>https://sajid.buet.ac.bd/publication/c-012/</link><pubDate>Wed, 01 Jan 2014 00:00:00 +0000</pubDate><guid>https://sajid.buet.ac.bd/publication/c-012/</guid><description/></item><item><title>Effect of FSS ground plane on second iteration of hexaflake fractal patch antenna</title><link>https://sajid.buet.ac.bd/publication/c-009/</link><pubDate>Sun, 01 Jan 2012 00:00:00 +0000</pubDate><guid>https://sajid.buet.ac.bd/publication/c-009/</guid><description/></item><item><title>Developing A Low-Cost Multiple Motor Switched Photovoltaic Powered Irrigation System</title><link>https://sajid.buet.ac.bd/publication/c-008/</link><pubDate>Sat, 01 Jan 2011 00:00:00 +0000</pubDate><guid>https://sajid.buet.ac.bd/publication/c-008/</guid><description/></item><item><title>A Novel Approach for Changing Bandwidth of FSS Filter Using Gradual Circumferential Variation of Loaded Elements</title><link>https://sajid.buet.ac.bd/publication/c-004/</link><pubDate>Fri, 01 Jan 2010 00:00:00 +0000</pubDate><guid>https://sajid.buet.ac.bd/publication/c-004/</guid><description/></item><item><title>Design of an X band aperture matched horn antenna by optimization of back-lobe and cross-polarization level</title><link>https://sajid.buet.ac.bd/publication/c-005/</link><pubDate>Fri, 01 Jan 2010 00:00:00 +0000</pubDate><guid>https://sajid.buet.ac.bd/publication/c-005/</guid><description/></item><item><title>Optimization and analysis of a Ka band Pickett Potter horn antenna with low cross polarization</title><link>https://sajid.buet.ac.bd/publication/c-006/</link><pubDate>Fri, 01 Jan 2010 00:00:00 +0000</pubDate><guid>https://sajid.buet.ac.bd/publication/c-006/</guid><description/></item><item><title>Sensitivity analysis of a circularly polarized U-slot microstrip antenna</title><link>https://sajid.buet.ac.bd/publication/c-007/</link><pubDate>Fri, 01 Jan 2010 00:00:00 +0000</pubDate><guid>https://sajid.buet.ac.bd/publication/c-007/</guid><description/></item><item><title>Analysis of a conical corrugated horn operating in the K-band with low cross-polarization and high aperture efficiency, and observing its radiation patterns</title><link>https://sajid.buet.ac.bd/publication/c-002/</link><pubDate>Thu, 01 Jan 2009 00:00:00 +0000</pubDate><guid>https://sajid.buet.ac.bd/publication/c-002/</guid><description/></item><item><title>Modeling the illumination function of a cassegrain reflector for a corrugated horn feed and calculation of the far field pattern</title><link>https://sajid.buet.ac.bd/publication/c-003/</link><pubDate>Thu, 01 Jan 2009 00:00:00 +0000</pubDate><guid>https://sajid.buet.ac.bd/publication/c-003/</guid><description/></item><item><title>Design and implementation of a low cost Power Factor Improvement device</title><link>https://sajid.buet.ac.bd/publication/c-001/</link><pubDate>Tue, 01 Jan 2008 00:00:00 +0000</pubDate><guid>https://sajid.buet.ac.bd/publication/c-001/</guid><description/></item></channel></rss>