<?xml version="1.0" encoding="utf-8" standalone="yes"?><rss version="2.0" xmlns:atom="http://www.w3.org/2005/Atom"><channel><title>Research | Q-PACERS (DSMC-RG)</title><link>https://sajid.buet.ac.bd/research/</link><atom:link href="https://sajid.buet.ac.bd/research/index.xml" rel="self" type="application/rss+xml"/><description>Research</description><generator>Hugo Blox Builder (https://hugoblox.com)</generator><language>en-us</language><lastBuildDate>Mon, 24 Oct 2022 00:00:00 +0000</lastBuildDate><image><url>https://sajid.buet.ac.bd/media/icon_hu_f05efc27037f3153.png</url><title>Research</title><link>https://sajid.buet.ac.bd/research/</link></image><item><title>Antenna-Systems</title><link>https://sajid.buet.ac.bd/research/antenna/</link><pubDate>Mon, 24 Oct 2022 00:00:00 +0000</pubDate><guid>https://sajid.buet.ac.bd/research/antenna/</guid><description/></item><item><title>Computing-Systems</title><link>https://sajid.buet.ac.bd/research/computing/</link><pubDate>Mon, 24 Oct 2022 00:00:00 +0000</pubDate><guid>https://sajid.buet.ac.bd/research/computing/</guid><description/></item><item><title>Embedded-Systems</title><link>https://sajid.buet.ac.bd/research/embedded/</link><pubDate>Mon, 24 Oct 2022 00:00:00 +0000</pubDate><guid>https://sajid.buet.ac.bd/research/embedded/</guid><description/></item><item><title>Photonic-Systems</title><link>https://sajid.buet.ac.bd/research/photonics/</link><pubDate>Mon, 24 Oct 2022 00:00:00 +0000</pubDate><guid>https://sajid.buet.ac.bd/research/photonics/</guid><description/></item><item><title>Quantum-Systems</title><link>https://sajid.buet.ac.bd/research/quantum/</link><pubDate>Mon, 24 Oct 2022 00:00:00 +0000</pubDate><guid>https://sajid.buet.ac.bd/research/quantum/</guid><description/></item><item><title>Renewable-Systems</title><link>https://sajid.buet.ac.bd/research/renewable/</link><pubDate>Mon, 24 Oct 2022 00:00:00 +0000</pubDate><guid>https://sajid.buet.ac.bd/research/renewable/</guid><description/></item></channel></rss>