<?xml version="1.0" encoding="utf-8" standalone="yes"?><rss version="2.0" xmlns:atom="http://www.w3.org/2005/Atom"><channel><title>Tags | Q-PACERS (DSMC-RG)</title><link>https://sajid.buet.ac.bd/tags/</link><atom:link href="https://sajid.buet.ac.bd/tags/index.xml" rel="self" type="application/rss+xml"/><description>Tags</description><generator>Hugo Blox Builder (https://hugoblox.com)</generator><language>en-us</language><lastBuildDate>Wed, 01 Jan 2025 00:00:00 +0000</lastBuildDate><image><url>https://sajid.buet.ac.bd/media/icon_hu_f05efc27037f3153.png</url><title>Tags</title><link>https://sajid.buet.ac.bd/tags/</link></image></channel></rss>