<?xml version="1.0" encoding="utf-8" standalone="yes"?><rss version="2.0" xmlns:atom="http://www.w3.org/2005/Atom"><channel><title>Misc | Q-PACERS (DSMC-RG)</title><link>https://sajid.buet.ac.bd/tags/misc/</link><atom:link href="https://sajid.buet.ac.bd/tags/misc/index.xml" rel="self" type="application/rss+xml"/><description>Misc</description><generator>Hugo Blox Builder (https://hugoblox.com)</generator><language>en-us</language><lastBuildDate>Sun, 01 Jan 2023 00:00:00 +0000</lastBuildDate><image><url>https://sajid.buet.ac.bd/media/icon_hu_f05efc27037f3153.png</url><title>Misc</title><link>https://sajid.buet.ac.bd/tags/misc/</link></image><item><title>Biomimicry in Nanotechnology: A Comprehensive Review</title><link>https://sajid.buet.ac.bd/publication/j-018/</link><pubDate>Sun, 01 Jan 2023 00:00:00 +0000</pubDate><guid>https://sajid.buet.ac.bd/publication/j-018/</guid><description/></item><item><title>Design and implementation of a low cost Power Factor Improvement device</title><link>https://sajid.buet.ac.bd/publication/c-001/</link><pubDate>Tue, 01 Jan 2008 00:00:00 +0000</pubDate><guid>https://sajid.buet.ac.bd/publication/c-001/</guid><description/></item></channel></rss>