<?xml version="1.0" encoding="utf-8" standalone="yes"?><rss version="2.0" xmlns:atom="http://www.w3.org/2005/Atom"><channel><title>M. S. Hussain | Q-PACERS / কিউ-প্যাকার্স</title><link>https://sajid.buet.ac.bd/bn/author/M.-S.-Hussain/</link><atom:link href="https://sajid.buet.ac.bd/bn/author/M.-S.-Hussain/index.xml" rel="self" type="application/rss+xml"/><description>M. S. Hussain</description><generator>Hugo Blox Builder (https://hugoblox.com)</generator><language>bn</language><lastBuildDate>Sat, 01 Jan 2011 00:00:00 +0000</lastBuildDate><image><url>https://sajid.buet.ac.bd/media/icon_hu_f05efc27037f3153.png</url><title>M. S. Hussain</title><link>https://sajid.buet.ac.bd/bn/author/M.-S.-Hussain/</link></image><item><title>Developing A Low-Cost Multiple Motor Switched Photovoltaic Powered Irrigation System</title><link>https://sajid.buet.ac.bd/bn/publication/c-008/</link><pubDate>Sat, 01 Jan 2011 00:00:00 +0000</pubDate><guid>https://sajid.buet.ac.bd/bn/publication/c-008/</guid><description/></item></channel></rss>