<?xml version="1.0" encoding="utf-8" standalone="yes"?><rss version="2.0" xmlns:atom="http://www.w3.org/2005/Atom"><channel><title>Piotr Nyga | Q-PACERS / কিউ-প্যাকার্স</title><link>https://sajid.buet.ac.bd/bn/author/Piotr-Nyga/</link><atom:link href="https://sajid.buet.ac.bd/bn/author/Piotr-Nyga/index.xml" rel="self" type="application/rss+xml"/><description>Piotr Nyga</description><generator>Hugo Blox Builder (https://hugoblox.com)</generator><language>bn</language><lastBuildDate>Tue, 01 Jan 2019 00:00:00 +0000</lastBuildDate><image><url>https://sajid.buet.ac.bd/media/icon_hu_f05efc27037f3153.png</url><title>Piotr Nyga</title><link>https://sajid.buet.ac.bd/bn/author/Piotr-Nyga/</link></image><item><title>Colors with plasmonic nanostructures: A full-spectrum review</title><link>https://sajid.buet.ac.bd/bn/publication/j-009/</link><pubDate>Tue, 01 Jan 2019 00:00:00 +0000</pubDate><guid>https://sajid.buet.ac.bd/bn/publication/j-009/</guid><description/></item></channel></rss>