<?xml version="1.0" encoding="utf-8" standalone="yes"?><rss version="2.0" xmlns:atom="http://www.w3.org/2005/Atom"><channel><title>Krishnakali Chaudhuri | Q-PACERS / কিউ-প্যাকার্স</title><link>https://sajid.buet.ac.bd/bn/author/Krishnakali-Chaudhuri/</link><atom:link href="https://sajid.buet.ac.bd/bn/author/Krishnakali-Chaudhuri/index.xml" rel="self" type="application/rss+xml"/><description>Krishnakali Chaudhuri</description><generator>Hugo Blox Builder (https://hugoblox.com)</generator><language>bn</language><lastBuildDate>Mon, 01 Jan 2018 00:00:00 +0000</lastBuildDate><image><url>https://sajid.buet.ac.bd/media/icon_hu_f05efc27037f3153.png</url><title>Krishnakali Chaudhuri</title><link>https://sajid.buet.ac.bd/bn/author/Krishnakali-Chaudhuri/</link></image><item><title>Material platforms for optical metasurfaces</title><link>https://sajid.buet.ac.bd/bn/publication/j-008/</link><pubDate>Mon, 01 Jan 2018 00:00:00 +0000</pubDate><guid>https://sajid.buet.ac.bd/bn/publication/j-008/</guid><description/></item></channel></rss>